sample	rep	unit	fq1	fq2
sample_157	rep1	lane1	/blue/peter/share/MeJA_time_course/iseq_trial/iSeq-NS2158-BPG61606-1227-pool/157-S787-S588_L001_ds.943c1d5d79b74700b5ac61b4c5a986a1/157_S133_L001_R1_001.fastq.gz	/blue/peter/share/MeJA_time_course/iseq_trial/iSeq-NS2158-BPG61606-1227-pool/157-S787-S588_L001_ds.943c1d5d79b74700b5ac61b4c5a986a1/157_S133_L001_R2_001.fastq.gz
sample_158	rep1	lane1	/blue/peter/share/MeJA_time_course/iseq_trial/iSeq-NS2158-BPG61606-1227-pool/158-S789-S579_L001_ds.ef0f02ca24fb4db1adf3285e8a16ecc8/158_S134_L001_R1_001.fastq.gz	/blue/peter/share/MeJA_time_course/iseq_trial/iSeq-NS2158-BPG61606-1227-pool/158-S789-S579_L001_ds.ef0f02ca24fb4db1adf3285e8a16ecc8/158_S134_L001_R2_001.fastq.gz
sample_159	rep1	lane1	/blue/peter/share/MeJA_time_course/iseq_trial/iSeq-NS2158-BPG61606-1227-pool/159-S731-S571_L001_ds.67d3101204524e6bb20d7f6e6da7582c/159_S135_L001_R1_001.fastq.gz	/blue/peter/share/MeJA_time_course/iseq_trial/iSeq-NS2158-BPG61606-1227-pool/159-S731-S571_L001_ds.67d3101204524e6bb20d7f6e6da7582c/159_S135_L001_R2_001.fastq.gz
sample_160	rep1	lane1	/blue/peter/share/MeJA_time_course/iseq_trial/iSeq-NS2158-BPG61606-1227-pool/160-P7152-P5119_L001_ds.dd2cfa5c6ea74ce08330cdc069b83b26/160_S1_L001_R1_001.fastq.gz	/blue/peter/share/MeJA_time_course/iseq_trial/iSeq-NS2158-BPG61606-1227-pool/160-P7152-P5119_L001_ds.dd2cfa5c6ea74ce08330cdc069b83b26/160_S1_L001_R2_001.fastq.gz
sample_221	rep1	lane1	/blue/peter/share/MeJA_time_course/iseq_trial/iSeq-NS2158-BPG61606-1227-pool/221-P7146-P5117_L001_ds.8c5645069e5f47efbe126e382bff6b26/221_S2_L001_R1_001.fastq.gz	/blue/peter/share/MeJA_time_course/iseq_trial/iSeq-NS2158-BPG61606-1227-pool/221-P7146-P5117_L001_ds.8c5645069e5f47efbe126e382bff6b26/221_S2_L001_R2_001.fastq.gz
sample_222	rep1	lane1	/blue/peter/share/MeJA_time_course/iseq_trial/iSeq-NS2158-BPG61606-1227-pool/222-P7143-P5111_L001_ds.4904fb17017e41939d7aa6f3f8c0bcff/222_S3_L001_R1_001.fastq.gz	/blue/peter/share/MeJA_time_course/iseq_trial/iSeq-NS2158-BPG61606-1227-pool/222-P7143-P5111_L001_ds.4904fb17017e41939d7aa6f3f8c0bcff/222_S3_L001_R2_001.fastq.gz
sample_223	rep1	lane1	/blue/peter/share/MeJA_time_course/iseq_trial/iSeq-NS2158-BPG61606-1227-pool/223-P7142-P5109_L001_ds.bcc2e555e8704f1cbf2e2134a3c443d0/223_S4_L001_R1_001.fastq.gz	/blue/peter/share/MeJA_time_course/iseq_trial/iSeq-NS2158-BPG61606-1227-pool/223-P7142-P5109_L001_ds.bcc2e555e8704f1cbf2e2134a3c443d0/223_S4_L001_R2_001.fastq.gz
sample_224	rep1	lane1	/blue/peter/share/MeJA_time_course/iseq_trial/iSeq-NS2158-BPG61606-1227-pool/224-P7141-P5108_L001_ds.13a179db2ae34d598843d0a2a8ceaa4e/224_S5_L001_R1_001.fastq.gz	/blue/peter/share/MeJA_time_course/iseq_trial/iSeq-NS2158-BPG61606-1227-pool/224-P7141-P5108_L001_ds.13a179db2ae34d598843d0a2a8ceaa4e/224_S5_L001_R2_001.fastq.gz
sample_253	rep1	lane1	/blue/peter/share/MeJA_time_course/iseq_trial/iSeq-NS2158-BPG61606-1227-pool/253-P7133-P5107_L001_ds.299815d18f5b4917912d0416737f5fb9/253_S6_L001_R1_001.fastq.gz	/blue/peter/share/MeJA_time_course/iseq_trial/iSeq-NS2158-BPG61606-1227-pool/253-P7133-P5107_L001_ds.299815d18f5b4917912d0416737f5fb9/253_S6_L001_R2_001.fastq.gz
sample_254	rep1	lane1	/blue/peter/share/MeJA_time_course/iseq_trial/iSeq-NS2158-BPG61606-1227-pool/254-P7148-P5136_L001_ds.81981eef783d4638bd93beb8dc2901b6/254_S7_L001_R1_001.fastq.gz	/blue/peter/share/MeJA_time_course/iseq_trial/iSeq-NS2158-BPG61606-1227-pool/254-P7148-P5136_L001_ds.81981eef783d4638bd93beb8dc2901b6/254_S7_L001_R2_001.fastq.gz
sample_255	rep1	lane1	/blue/peter/share/MeJA_time_course/iseq_trial/iSeq-NS2158-BPG61606-1227-pool/255-P7126-P5134_L001_ds.319309f02b754eb9ba64805dfc5d8816/255_S8_L001_R1_001.fastq.gz	/blue/peter/share/MeJA_time_course/iseq_trial/iSeq-NS2158-BPG61606-1227-pool/255-P7126-P5134_L001_ds.319309f02b754eb9ba64805dfc5d8816/255_S8_L001_R2_001.fastq.gz
sample_256	rep1	lane1	/blue/peter/share/MeJA_time_course/iseq_trial/iSeq-NS2158-BPG61606-1227-pool/256-P7159-P5138_L001_ds.9647c208bed045b994a900f0a9c8a516/256_S9_L001_R1_001.fastq.gz	/blue/peter/share/MeJA_time_course/iseq_trial/iSeq-NS2158-BPG61606-1227-pool/256-P7159-P5138_L001_ds.9647c208bed045b994a900f0a9c8a516/256_S9_L001_R2_001.fastq.gz
sample_277	rep1	lane1	/blue/peter/share/MeJA_time_course/iseq_trial/iSeq-NS2158-BPG61606-1227-pool/277-P7158-P5137_L001_ds.9ad8d0a8bf01452db4a4e23da8146c0b/277_S10_L001_R1_001.fastq.gz	/blue/peter/share/MeJA_time_course/iseq_trial/iSeq-NS2158-BPG61606-1227-pool/277-P7158-P5137_L001_ds.9ad8d0a8bf01452db4a4e23da8146c0b/277_S10_L001_R2_001.fastq.gz
sample_278	rep1	lane1	/blue/peter/share/MeJA_time_course/iseq_trial/iSeq-NS2158-BPG61606-1227-pool/278-P7157-P5129_L001_ds.ff92ea6ba4b542d89bb74c1cba5d7d61/278_S11_L001_R1_001.fastq.gz	/blue/peter/share/MeJA_time_course/iseq_trial/iSeq-NS2158-BPG61606-1227-pool/278-P7157-P5129_L001_ds.ff92ea6ba4b542d89bb74c1cba5d7d61/278_S11_L001_R2_001.fastq.gz
sample_279	rep1	lane1	/blue/peter/share/MeJA_time_course/iseq_trial/iSeq-NS2158-BPG61606-1227-pool/279-P7155-P5125_L001_ds.d8e6db9733d347a39f4b3465dc6f8506/279_S12_L001_R1_001.fastq.gz	/blue/peter/share/MeJA_time_course/iseq_trial/iSeq-NS2158-BPG61606-1227-pool/279-P7155-P5125_L001_ds.d8e6db9733d347a39f4b3465dc6f8506/279_S12_L001_R2_001.fastq.gz
sample_280	rep1	lane1	/blue/peter/share/MeJA_time_course/iseq_trial/iSeq-NS2158-BPG61606-1227-pool/280-P7154-P5124_L001_ds.513a611b25fc4f43a58015f3ebbd217a/280_S13_L001_R1_001.fastq.gz	/blue/peter/share/MeJA_time_course/iseq_trial/iSeq-NS2158-BPG61606-1227-pool/280-P7154-P5124_L001_ds.513a611b25fc4f43a58015f3ebbd217a/280_S13_L001_R2_001.fastq.gz
sample_325	rep1	lane1	/blue/peter/share/MeJA_time_course/iseq_trial/iSeq-NS2158-BPG61606-1227-pool/325-P7153-P5122_L001_ds.b19ccfa5823a4ba2886717467cada20f/325_S14_L001_R1_001.fastq.gz	/blue/peter/share/MeJA_time_course/iseq_trial/iSeq-NS2158-BPG61606-1227-pool/325-P7153-P5122_L001_ds.b19ccfa5823a4ba2886717467cada20f/325_S14_L001_R2_001.fastq.gz
sample_326	rep1	lane1	/blue/peter/share/MeJA_time_course/iseq_trial/iSeq-NS2158-BPG61606-1227-pool/326-P7136-P5170_L001_ds.ebf3108c18614b059349d16d5a4dae0e/326_S15_L001_R1_001.fastq.gz	/blue/peter/share/MeJA_time_course/iseq_trial/iSeq-NS2158-BPG61606-1227-pool/326-P7136-P5170_L001_ds.ebf3108c18614b059349d16d5a4dae0e/326_S15_L001_R2_001.fastq.gz
sample_327	rep1	lane1	/blue/peter/share/MeJA_time_course/iseq_trial/iSeq-NS2158-BPG61606-1227-pool/327-P7134-P5135_L001_ds.5063aa43588641939f9dcb0df82b6dc7/327_S16_L001_R1_001.fastq.gz	/blue/peter/share/MeJA_time_course/iseq_trial/iSeq-NS2158-BPG61606-1227-pool/327-P7134-P5135_L001_ds.5063aa43588641939f9dcb0df82b6dc7/327_S16_L001_R2_001.fastq.gz
sample_328	rep1	lane1	/blue/peter/share/MeJA_time_course/iseq_trial/iSeq-NS2158-BPG61606-1227-pool/328-P7176-P5149_L001_ds.4d2e3a1b38a847fb905df044a508994c/328_S17_L001_R1_001.fastq.gz	/blue/peter/share/MeJA_time_course/iseq_trial/iSeq-NS2158-BPG61606-1227-pool/328-P7176-P5149_L001_ds.4d2e3a1b38a847fb905df044a508994c/328_S17_L001_R2_001.fastq.gz
sample_330	rep1	lane1	/blue/peter/share/MeJA_time_course/iseq_trial/iSeq-NS2158-BPG61606-1227-pool/330-P7174-P5147_L001_ds.a084e51cbd04461c846ca1a4427c15ff/330_S18_L001_R1_001.fastq.gz	/blue/peter/share/MeJA_time_course/iseq_trial/iSeq-NS2158-BPG61606-1227-pool/330-P7174-P5147_L001_ds.a084e51cbd04461c846ca1a4427c15ff/330_S18_L001_R2_001.fastq.gz
sample_331	rep1	lane1	/blue/peter/share/MeJA_time_course/iseq_trial/iSeq-NS2158-BPG61606-1227-pool/331-P7166-P5145_L001_ds.8727cc056d964b6ba82db1f9003c0de1/331_S19_L001_R1_001.fastq.gz	/blue/peter/share/MeJA_time_course/iseq_trial/iSeq-NS2158-BPG61606-1227-pool/331-P7166-P5145_L001_ds.8727cc056d964b6ba82db1f9003c0de1/331_S19_L001_R2_001.fastq.gz
sample_332	rep1	lane1	/blue/peter/share/MeJA_time_course/iseq_trial/iSeq-NS2158-BPG61606-1227-pool/332-P7165-P5144_L001_ds.452b610e3c6140f8acdf8c177a1faaa1/332_S20_L001_R1_001.fastq.gz	/blue/peter/share/MeJA_time_course/iseq_trial/iSeq-NS2158-BPG61606-1227-pool/332-P7165-P5144_L001_ds.452b610e3c6140f8acdf8c177a1faaa1/332_S20_L001_R2_001.fastq.gz
sample_37	rep1	lane1	/blue/peter/share/MeJA_time_course/iseq_trial/iSeq-NS2158-BPG61606-1227-pool/37-S730-S580_L001_ds.39d1c9ad22d84227a073374ffaf2e497/37_S129_L001_R1_001.fastq.gz	/blue/peter/share/MeJA_time_course/iseq_trial/iSeq-NS2158-BPG61606-1227-pool/37-S730-S580_L001_ds.39d1c9ad22d84227a073374ffaf2e497/37_S129_L001_R2_001.fastq.gz
sample_38	rep1	lane1	/blue/peter/share/MeJA_time_course/iseq_trial/iSeq-NS2158-BPG61606-1227-pool/38-S782-S528_L001_ds.bd56b80b10a84843a98d169f2648b9e7/38_S130_L001_R1_001.fastq.gz	/blue/peter/share/MeJA_time_course/iseq_trial/iSeq-NS2158-BPG61606-1227-pool/38-S782-S528_L001_ds.bd56b80b10a84843a98d169f2648b9e7/38_S130_L001_R2_001.fastq.gz
sample_39	rep1	lane1	/blue/peter/share/MeJA_time_course/iseq_trial/iSeq-NS2158-BPG61606-1227-pool/39-S776-S537_L001_ds.937b689aef4f414c8798935b97c4932c/39_S131_L001_R1_001.fastq.gz	/blue/peter/share/MeJA_time_course/iseq_trial/iSeq-NS2158-BPG61606-1227-pool/39-S776-S537_L001_ds.937b689aef4f414c8798935b97c4932c/39_S131_L001_R2_001.fastq.gz
sample_405	rep1	lane1	/blue/peter/share/MeJA_time_course/iseq_trial/iSeq-NS2158-BPG61606-1227-pool/405-P7162-P5140_L001_ds.02bbb333ebf648339225dc081360622c/405_S21_L001_R1_001.fastq.gz	/blue/peter/share/MeJA_time_course/iseq_trial/iSeq-NS2158-BPG61606-1227-pool/405-P7162-P5140_L001_ds.02bbb333ebf648339225dc081360622c/405_S21_L001_R2_001.fastq.gz
sample_406	rep1	lane1	/blue/peter/share/MeJA_time_course/iseq_trial/iSeq-NS2158-BPG61606-1227-pool/406-P7160-P5139_L001_ds.2fa00bd2e1674057848e41818b64bb20/406_S22_L001_R1_001.fastq.gz	/blue/peter/share/MeJA_time_course/iseq_trial/iSeq-NS2158-BPG61606-1227-pool/406-P7160-P5139_L001_ds.2fa00bd2e1674057848e41818b64bb20/406_S22_L001_R2_001.fastq.gz
sample_407	rep1	lane1	/blue/peter/share/MeJA_time_course/iseq_trial/iSeq-NS2158-BPG61606-1227-pool/407-P7170-P5169_L001_ds.6545094075bf444baf1bcb9f7636ff6b/407_S23_L001_R1_001.fastq.gz	/blue/peter/share/MeJA_time_course/iseq_trial/iSeq-NS2158-BPG61606-1227-pool/407-P7170-P5169_L001_ds.6545094075bf444baf1bcb9f7636ff6b/407_S23_L001_R2_001.fastq.gz
sample_408	rep1	lane1	/blue/peter/share/MeJA_time_course/iseq_trial/iSeq-NS2158-BPG61606-1227-pool/408-P7135-P5127_L001_ds.11795dd40a644646bd9f20cd5beb36d7/408_S24_L001_R1_001.fastq.gz	/blue/peter/share/MeJA_time_course/iseq_trial/iSeq-NS2158-BPG61606-1227-pool/408-P7135-P5127_L001_ds.11795dd40a644646bd9f20cd5beb36d7/408_S24_L001_R2_001.fastq.gz
sample_40	rep1	lane1	/blue/peter/share/MeJA_time_course/iseq_trial/iSeq-NS2158-BPG61606-1227-pool/40-S703-S539_L001_ds.6b3c3320a79b4d168ff9844369495b0a/40_S132_L001_R1_001.fastq.gz	/blue/peter/share/MeJA_time_course/iseq_trial/iSeq-NS2158-BPG61606-1227-pool/40-S703-S539_L001_ds.6b3c3320a79b4d168ff9844369495b0a/40_S132_L001_R2_001.fastq.gz
sample_417	rep1	lane1	/blue/peter/share/MeJA_time_course/iseq_trial/iSeq-NS2158-BPG61606-1227-pool/417-P7186-P5164_L001_ds.eeef0778e99744cb93431c943b695cdc/417_S25_L001_R1_001.fastq.gz	/blue/peter/share/MeJA_time_course/iseq_trial/iSeq-NS2158-BPG61606-1227-pool/417-P7186-P5164_L001_ds.eeef0778e99744cb93431c943b695cdc/417_S25_L001_R2_001.fastq.gz
sample_418	rep1	lane1	/blue/peter/share/MeJA_time_course/iseq_trial/iSeq-NS2158-BPG61606-1227-pool/418-P7185-P5163_L001_ds.0670c8628b584b4a8e5499e8b141f91f/418_S26_L001_R1_001.fastq.gz	/blue/peter/share/MeJA_time_course/iseq_trial/iSeq-NS2158-BPG61606-1227-pool/418-P7185-P5163_L001_ds.0670c8628b584b4a8e5499e8b141f91f/418_S26_L001_R2_001.fastq.gz
sample_419	rep1	lane1	/blue/peter/share/MeJA_time_course/iseq_trial/iSeq-NS2158-BPG61606-1227-pool/419-P7184-P5161_L001_ds.6a1f5758a9dc4128bb8ea49af629881f/419_S27_L001_R1_001.fastq.gz	/blue/peter/share/MeJA_time_course/iseq_trial/iSeq-NS2158-BPG61606-1227-pool/419-P7184-P5161_L001_ds.6a1f5758a9dc4128bb8ea49af629881f/419_S27_L001_R2_001.fastq.gz
sample_420	rep1	lane1	/blue/peter/share/MeJA_time_course/iseq_trial/iSeq-NS2158-BPG61606-1227-pool/420-P7182-P5156_L001_ds.a2dfb2fdff40420190e127baac251ce8/420_S28_L001_R1_001.fastq.gz	/blue/peter/share/MeJA_time_course/iseq_trial/iSeq-NS2158-BPG61606-1227-pool/420-P7182-P5156_L001_ds.a2dfb2fdff40420190e127baac251ce8/420_S28_L001_R2_001.fastq.gz
sample_445	rep1	lane1	/blue/peter/share/MeJA_time_course/iseq_trial/iSeq-NS2158-BPG61606-1227-pool/445-P7181-P5151_L001_ds.7f3d084259cf403a8999c20789c2acce/445_S29_L001_R1_001.fastq.gz	/blue/peter/share/MeJA_time_course/iseq_trial/iSeq-NS2158-BPG61606-1227-pool/445-P7181-P5151_L001_ds.7f3d084259cf403a8999c20789c2acce/445_S29_L001_R2_001.fastq.gz
sample_446	rep1	lane1	/blue/peter/share/MeJA_time_course/iseq_trial/iSeq-NS2158-BPG61606-1227-pool/446-P7177-P5150_L001_ds.52df6530bcd6407d991f8287adbd3978/446_S30_L001_R1_001.fastq.gz	/blue/peter/share/MeJA_time_course/iseq_trial/iSeq-NS2158-BPG61606-1227-pool/446-P7177-P5150_L001_ds.52df6530bcd6407d991f8287adbd3978/446_S30_L001_R2_001.fastq.gz
sample_447	rep1	lane1	/blue/peter/share/MeJA_time_course/iseq_trial/iSeq-NS2158-BPG61606-1227-pool/447-P7169-P5148_L001_ds.1080ff6a4a5a48dcbf1b90d85dbe0441/447_S31_L001_R1_001.fastq.gz	/blue/peter/share/MeJA_time_course/iseq_trial/iSeq-NS2158-BPG61606-1227-pool/447-P7169-P5148_L001_ds.1080ff6a4a5a48dcbf1b90d85dbe0441/447_S31_L001_R2_001.fastq.gz
sample_448	rep1	lane1	/blue/peter/share/MeJA_time_course/iseq_trial/iSeq-NS2158-BPG61606-1227-pool/448-P7127-P5126_L001_ds.162ff5419d5d4cfda879ceff165cfe49/448_S32_L001_R1_001.fastq.gz	/blue/peter/share/MeJA_time_course/iseq_trial/iSeq-NS2158-BPG61606-1227-pool/448-P7127-P5126_L001_ds.162ff5419d5d4cfda879ceff165cfe49/448_S32_L001_R2_001.fastq.gz
sample_489	rep1	lane1	/blue/peter/share/MeJA_time_course/iseq_trial/iSeq-NS2158-BPG61606-1227-pool/489-P7385-P5175_L001_ds.ce05306cb49c4e93a66cd218d5161beb/489_S33_L001_R1_001.fastq.gz	/blue/peter/share/MeJA_time_course/iseq_trial/iSeq-NS2158-BPG61606-1227-pool/489-P7385-P5175_L001_ds.ce05306cb49c4e93a66cd218d5161beb/489_S33_L001_R2_001.fastq.gz
sample_490	rep1	lane1	/blue/peter/share/MeJA_time_course/iseq_trial/iSeq-NS2158-BPG61606-1227-pool/490-P7192-P5173_L001_ds.72a8e739d5d34816b0c20d0070e88f24/490_S34_L001_R1_001.fastq.gz	/blue/peter/share/MeJA_time_course/iseq_trial/iSeq-NS2158-BPG61606-1227-pool/490-P7192-P5173_L001_ds.72a8e739d5d34816b0c20d0070e88f24/490_S34_L001_R2_001.fastq.gz
sample_491	rep1	lane1	/blue/peter/share/MeJA_time_course/iseq_trial/iSeq-NS2158-BPG61606-1227-pool/491-P7191-P5172_L001_ds.6d2d7638960c44dea207e738a3e4a8e7/491_S35_L001_R1_001.fastq.gz	/blue/peter/share/MeJA_time_course/iseq_trial/iSeq-NS2158-BPG61606-1227-pool/491-P7191-P5172_L001_ds.6d2d7638960c44dea207e738a3e4a8e7/491_S35_L001_R2_001.fastq.gz
sample_492	rep1	lane1	/blue/peter/share/MeJA_time_course/iseq_trial/iSeq-NS2158-BPG61606-1227-pool/492-P7190-P5171_L001_ds.01c48f2b3adc4ab295c6d82276888e1b/492_S36_L001_R1_001.fastq.gz	/blue/peter/share/MeJA_time_course/iseq_trial/iSeq-NS2158-BPG61606-1227-pool/492-P7190-P5171_L001_ds.01c48f2b3adc4ab295c6d82276888e1b/492_S36_L001_R2_001.fastq.gz
sample_509	rep1	lane1	/blue/peter/share/MeJA_time_course/iseq_trial/iSeq-NS2158-BPG61606-1227-pool/509-P7188-P5168_L001_ds.9e2fdb0daa08412ea084193414208ee8/509_S37_L001_R1_001.fastq.gz	/blue/peter/share/MeJA_time_course/iseq_trial/iSeq-NS2158-BPG61606-1227-pool/509-P7188-P5168_L001_ds.9e2fdb0daa08412ea084193414208ee8/509_S37_L001_R2_001.fastq.gz
sample_510	rep1	lane1	/blue/peter/share/MeJA_time_course/iseq_trial/iSeq-NS2158-BPG61606-1227-pool/510-P7187-P5167_L001_ds.3bff8718b2ee460590dc33f425e3dd8f/510_S38_L001_R1_001.fastq.gz	/blue/peter/share/MeJA_time_course/iseq_trial/iSeq-NS2158-BPG61606-1227-pool/510-P7187-P5167_L001_ds.3bff8718b2ee460590dc33f425e3dd8f/510_S38_L001_R2_001.fastq.gz
sample_511	rep1	lane1	/blue/peter/share/MeJA_time_course/iseq_trial/iSeq-NS2158-BPG61606-1227-pool/511-P7116-P5132_L001_ds.d2b5ad65d1064568985562e32e4bcd0b/511_S39_L001_R1_001.fastq.gz	/blue/peter/share/MeJA_time_course/iseq_trial/iSeq-NS2158-BPG61606-1227-pool/511-P7116-P5132_L001_ds.d2b5ad65d1064568985562e32e4bcd0b/511_S39_L001_R2_001.fastq.gz
sample_512	rep1	lane1	/blue/peter/share/MeJA_time_course/iseq_trial/iSeq-NS2158-BPG61606-1227-pool/512-P7101-P5115_L001_ds.a4140de400ca4fa3bd154c365255f107/512_S40_L001_R1_001.fastq.gz	/blue/peter/share/MeJA_time_course/iseq_trial/iSeq-NS2158-BPG61606-1227-pool/512-P7101-P5115_L001_ds.a4140de400ca4fa3bd154c365255f107/512_S40_L001_R2_001.fastq.gz
sample_M10	rep1	lane1	/blue/peter/share/MeJA_time_course/iseq_trial/iSeq-NS2158-BPG61606-1227-pool/M10-S708-S521_L001_ds.10330eee1fc84474bfd0a351bc68fb00/M10_S49_L001_R1_001.fastq.gz	/blue/peter/share/MeJA_time_course/iseq_trial/iSeq-NS2158-BPG61606-1227-pool/M10-S708-S521_L001_ds.10330eee1fc84474bfd0a351bc68fb00/M10_S49_L001_R2_001.fastq.gz
sample_M11	rep1	lane1	/blue/peter/share/MeJA_time_course/iseq_trial/iSeq-NS2158-BPG61606-1227-pool/M11-S716-S559_L001_ds.dc21aaa85798479d91a62234c6b40bd3/M11_S50_L001_R1_001.fastq.gz	/blue/peter/share/MeJA_time_course/iseq_trial/iSeq-NS2158-BPG61606-1227-pool/M11-S716-S559_L001_ds.dc21aaa85798479d91a62234c6b40bd3/M11_S50_L001_R2_001.fastq.gz
sample_M12	rep1	lane1	/blue/peter/share/MeJA_time_course/iseq_trial/iSeq-NS2158-BPG61606-1227-pool/M12-S760-S511_L001_ds.589b0d5ca6bc4439a649047bb7bfd41f/M12_S51_L001_R1_001.fastq.gz	/blue/peter/share/MeJA_time_course/iseq_trial/iSeq-NS2158-BPG61606-1227-pool/M12-S760-S511_L001_ds.589b0d5ca6bc4439a649047bb7bfd41f/M12_S51_L001_R2_001.fastq.gz
sample_M13	rep1	lane1	/blue/peter/share/MeJA_time_course/iseq_trial/iSeq-NS2158-BPG61606-1227-pool/M13-S755-S566_L001_ds.0f995fac085f41fd8bf323c4882aa432/M13_S52_L001_R1_001.fastq.gz	/blue/peter/share/MeJA_time_course/iseq_trial/iSeq-NS2158-BPG61606-1227-pool/M13-S755-S566_L001_ds.0f995fac085f41fd8bf323c4882aa432/M13_S52_L001_R2_001.fastq.gz
sample_M14	rep1	lane1	/blue/peter/share/MeJA_time_course/iseq_trial/iSeq-NS2158-BPG61606-1227-pool/M14-S725-S538_L001_ds.47c76a035c624f468c5c7d7873318120/M14_S53_L001_R1_001.fastq.gz	/blue/peter/share/MeJA_time_course/iseq_trial/iSeq-NS2158-BPG61606-1227-pool/M14-S725-S538_L001_ds.47c76a035c624f468c5c7d7873318120/M14_S53_L001_R2_001.fastq.gz
sample_M15	rep1	lane1	/blue/peter/share/MeJA_time_course/iseq_trial/iSeq-NS2158-BPG61606-1227-pool/M15-S772-S567_L001_ds.56727eeda2c24a0db97d7a72e744f9e7/M15_S54_L001_R1_001.fastq.gz	/blue/peter/share/MeJA_time_course/iseq_trial/iSeq-NS2158-BPG61606-1227-pool/M15-S772-S567_L001_ds.56727eeda2c24a0db97d7a72e744f9e7/M15_S54_L001_R2_001.fastq.gz
sample_M16	rep1	lane1	/blue/peter/share/MeJA_time_course/iseq_trial/iSeq-NS2158-BPG61606-1227-pool/M16-S777-S526_L001_ds.b502b6bb74004ad0a10ba46546c0b0aa/M16_S55_L001_R1_001.fastq.gz	/blue/peter/share/MeJA_time_course/iseq_trial/iSeq-NS2158-BPG61606-1227-pool/M16-S777-S526_L001_ds.b502b6bb74004ad0a10ba46546c0b0aa/M16_S55_L001_R2_001.fastq.gz
sample_M17	rep1	lane1	/blue/peter/share/MeJA_time_course/iseq_trial/iSeq-NS2158-BPG61606-1227-pool/M17-S729-S591_L001_ds.de423a7522a84a97ad43dfc6105818db/M17_S56_L001_R1_001.fastq.gz	/blue/peter/share/MeJA_time_course/iseq_trial/iSeq-NS2158-BPG61606-1227-pool/M17-S729-S591_L001_ds.de423a7522a84a97ad43dfc6105818db/M17_S56_L001_R2_001.fastq.gz
sample_M18	rep1	lane1	/blue/peter/share/MeJA_time_course/iseq_trial/iSeq-NS2158-BPG61606-1227-pool/M18-S734-S592_L001_ds.9071005785774b7fad80482af9b8b80e/M18_S57_L001_R1_001.fastq.gz	/blue/peter/share/MeJA_time_course/iseq_trial/iSeq-NS2158-BPG61606-1227-pool/M18-S734-S592_L001_ds.9071005785774b7fad80482af9b8b80e/M18_S57_L001_R2_001.fastq.gz
sample_M19	rep1	lane1	/blue/peter/share/MeJA_time_course/iseq_trial/iSeq-NS2158-BPG61606-1227-pool/M19-S770-S540_L001_ds.1a6020559ad548f782ef49c329e4127e/M19_S58_L001_R1_001.fastq.gz	/blue/peter/share/MeJA_time_course/iseq_trial/iSeq-NS2158-BPG61606-1227-pool/M19-S770-S540_L001_ds.1a6020559ad548f782ef49c329e4127e/M19_S58_L001_R2_001.fastq.gz
sample_M1	rep1	lane1	/blue/peter/share/MeJA_time_course/iseq_trial/iSeq-NS2158-BPG61606-1227-pool/M1-S794-S590_L001_ds.126202f46a58491394057123fe7a468e/M1_S41_L001_R1_001.fastq.gz	/blue/peter/share/MeJA_time_course/iseq_trial/iSeq-NS2158-BPG61606-1227-pool/M1-S794-S590_L001_ds.126202f46a58491394057123fe7a468e/M1_S41_L001_R2_001.fastq.gz
sample_M20	rep1	lane1	/blue/peter/share/MeJA_time_course/iseq_trial/iSeq-NS2158-BPG61606-1227-pool/M20-S710-S581_L001_ds.595f726b65e94191b287bc24caa58694/M20_S59_L001_R1_001.fastq.gz	/blue/peter/share/MeJA_time_course/iseq_trial/iSeq-NS2158-BPG61606-1227-pool/M20-S710-S581_L001_ds.595f726b65e94191b287bc24caa58694/M20_S59_L001_R2_001.fastq.gz
sample_M21	rep1	lane1	/blue/peter/share/MeJA_time_course/iseq_trial/iSeq-NS2158-BPG61606-1227-pool/M21-S722-S578_L001_ds.6181155934724e0f8afad57f0e734774/M21_S60_L001_R1_001.fastq.gz	/blue/peter/share/MeJA_time_course/iseq_trial/iSeq-NS2158-BPG61606-1227-pool/M21-S722-S578_L001_ds.6181155934724e0f8afad57f0e734774/M21_S60_L001_R2_001.fastq.gz
sample_M22	rep1	lane1	/blue/peter/share/MeJA_time_course/iseq_trial/iSeq-NS2158-BPG61606-1227-pool/M22-S783-S546_L001_ds.aa52cdec7024483186bae547f3149861/M22_S61_L001_R1_001.fastq.gz	/blue/peter/share/MeJA_time_course/iseq_trial/iSeq-NS2158-BPG61606-1227-pool/M22-S783-S546_L001_ds.aa52cdec7024483186bae547f3149861/M22_S61_L001_R2_001.fastq.gz
sample_M23	rep1	lane1	/blue/peter/share/MeJA_time_course/iseq_trial/iSeq-NS2158-BPG61606-1227-pool/M23-S757-S545_L001_ds.f374d17ce899463c93fae55e99a9baf2/M23_S62_L001_R1_001.fastq.gz	/blue/peter/share/MeJA_time_course/iseq_trial/iSeq-NS2158-BPG61606-1227-pool/M23-S757-S545_L001_ds.f374d17ce899463c93fae55e99a9baf2/M23_S62_L001_R2_001.fastq.gz
sample_M24	rep1	lane1	/blue/peter/share/MeJA_time_course/iseq_trial/iSeq-NS2158-BPG61606-1227-pool/M24-S796-S507_L001_ds.52f3cbaf514b4e74b765f0fccfec018f/M24_S63_L001_R1_001.fastq.gz	/blue/peter/share/MeJA_time_course/iseq_trial/iSeq-NS2158-BPG61606-1227-pool/M24-S796-S507_L001_ds.52f3cbaf514b4e74b765f0fccfec018f/M24_S63_L001_R2_001.fastq.gz
sample_M25	rep1	lane1	/blue/peter/share/MeJA_time_course/iseq_trial/iSeq-NS2158-BPG61606-1227-pool/M25-S702-S523_L001_ds.5b9c0f847c334c92939e2f1210700f16/M25_S64_L001_R1_001.fastq.gz	/blue/peter/share/MeJA_time_course/iseq_trial/iSeq-NS2158-BPG61606-1227-pool/M25-S702-S523_L001_ds.5b9c0f847c334c92939e2f1210700f16/M25_S64_L001_R2_001.fastq.gz
sample_M26	rep1	lane1	/blue/peter/share/MeJA_time_course/iseq_trial/iSeq-NS2158-BPG61606-1227-pool/M26-S773-S593_L001_ds.8bbf0aa216b941608e87e1463ebd8f42/M26_S65_L001_R1_001.fastq.gz	/blue/peter/share/MeJA_time_course/iseq_trial/iSeq-NS2158-BPG61606-1227-pool/M26-S773-S593_L001_ds.8bbf0aa216b941608e87e1463ebd8f42/M26_S65_L001_R2_001.fastq.gz
sample_M27	rep1	lane1	/blue/peter/share/MeJA_time_course/iseq_trial/iSeq-NS2158-BPG61606-1227-pool/M27-S749-S565_L001_ds.5dee63fe5ec244f6b7dff53e4e90f199/M27_S66_L001_R1_001.fastq.gz	/blue/peter/share/MeJA_time_course/iseq_trial/iSeq-NS2158-BPG61606-1227-pool/M27-S749-S565_L001_ds.5dee63fe5ec244f6b7dff53e4e90f199/M27_S66_L001_R2_001.fastq.gz
sample_M28	rep1	lane1	/blue/peter/share/MeJA_time_course/iseq_trial/iSeq-NS2158-BPG61606-1227-pool/M28-S795-S517_L001_ds.c3b81e7c901949e6b00eea9e65ce59ba/M28_S67_L001_R1_001.fastq.gz	/blue/peter/share/MeJA_time_course/iseq_trial/iSeq-NS2158-BPG61606-1227-pool/M28-S795-S517_L001_ds.c3b81e7c901949e6b00eea9e65ce59ba/M28_S67_L001_R2_001.fastq.gz
sample_M29	rep1	lane1	/blue/peter/share/MeJA_time_course/iseq_trial/iSeq-NS2158-BPG61606-1227-pool/M29-S742-S551_L001_ds.d6667bb032024411969153c4bc5e9d9c/M29_S68_L001_R1_001.fastq.gz	/blue/peter/share/MeJA_time_course/iseq_trial/iSeq-NS2158-BPG61606-1227-pool/M29-S742-S551_L001_ds.d6667bb032024411969153c4bc5e9d9c/M29_S68_L001_R2_001.fastq.gz
sample_M2	rep1	lane1	/blue/peter/share/MeJA_time_course/iseq_trial/iSeq-NS2158-BPG61606-1227-pool/M2-S747-S524_L001_ds.193c66e50f5d4ec788439bd1d199e901/M2_S42_L001_R1_001.fastq.gz	/blue/peter/share/MeJA_time_course/iseq_trial/iSeq-NS2158-BPG61606-1227-pool/M2-S747-S524_L001_ds.193c66e50f5d4ec788439bd1d199e901/M2_S42_L001_R2_001.fastq.gz
sample_M30	rep1	lane1	/blue/peter/share/MeJA_time_course/iseq_trial/iSeq-NS2158-BPG61606-1227-pool/M30-S727-S598_L001_ds.1a4a679a4c26409d9c17b88c20e34470/M30_S69_L001_R1_001.fastq.gz	/blue/peter/share/MeJA_time_course/iseq_trial/iSeq-NS2158-BPG61606-1227-pool/M30-S727-S598_L001_ds.1a4a679a4c26409d9c17b88c20e34470/M30_S69_L001_R2_001.fastq.gz
sample_M31	rep1	lane1	/blue/peter/share/MeJA_time_course/iseq_trial/iSeq-NS2158-BPG61606-1227-pool/M31-S735-S554_L001_ds.25dedc12eb254efdb8994664147c635e/M31_S70_L001_R1_001.fastq.gz	/blue/peter/share/MeJA_time_course/iseq_trial/iSeq-NS2158-BPG61606-1227-pool/M31-S735-S554_L001_ds.25dedc12eb254efdb8994664147c635e/M31_S70_L001_R2_001.fastq.gz
sample_M32	rep1	lane1	/blue/peter/share/MeJA_time_course/iseq_trial/iSeq-NS2158-BPG61606-1227-pool/M32-S797-S501_L001_ds.d43e520f1e3845db9017e41d3a23b939/M32_S71_L001_R1_001.fastq.gz	/blue/peter/share/MeJA_time_course/iseq_trial/iSeq-NS2158-BPG61606-1227-pool/M32-S797-S501_L001_ds.d43e520f1e3845db9017e41d3a23b939/M32_S71_L001_R2_001.fastq.gz
sample_M33	rep1	lane1	/blue/peter/share/MeJA_time_course/iseq_trial/iSeq-NS2158-BPG61606-1227-pool/M33-S763-S505_L001_ds.18d1c55df4034c88816fd74ecc06be91/M33_S72_L001_R1_001.fastq.gz	/blue/peter/share/MeJA_time_course/iseq_trial/iSeq-NS2158-BPG61606-1227-pool/M33-S763-S505_L001_ds.18d1c55df4034c88816fd74ecc06be91/M33_S72_L001_R2_001.fastq.gz
sample_M34	rep1	lane1	/blue/peter/share/MeJA_time_course/iseq_trial/iSeq-NS2158-BPG61606-1227-pool/M34-S714-S520_L001_ds.1a6dace04e604126af15aec071b7d887/M34_S73_L001_R1_001.fastq.gz	/blue/peter/share/MeJA_time_course/iseq_trial/iSeq-NS2158-BPG61606-1227-pool/M34-S714-S520_L001_ds.1a6dace04e604126af15aec071b7d887/M34_S73_L001_R2_001.fastq.gz
sample_M35	rep1	lane1	/blue/peter/share/MeJA_time_course/iseq_trial/iSeq-NS2158-BPG61606-1227-pool/M35-S784-S541_L001_ds.c5e21306db3449538736c285db641154/M35_S74_L001_R1_001.fastq.gz	/blue/peter/share/MeJA_time_course/iseq_trial/iSeq-NS2158-BPG61606-1227-pool/M35-S784-S541_L001_ds.c5e21306db3449538736c285db641154/M35_S74_L001_R2_001.fastq.gz
sample_M36	rep1	lane1	/blue/peter/share/MeJA_time_course/iseq_trial/iSeq-NS2158-BPG61606-1227-pool/M36-S758-S568_L001_ds.55bef2f93d8b479fb7a94772e923d51e/M36_S75_L001_R1_001.fastq.gz	/blue/peter/share/MeJA_time_course/iseq_trial/iSeq-NS2158-BPG61606-1227-pool/M36-S758-S568_L001_ds.55bef2f93d8b479fb7a94772e923d51e/M36_S75_L001_R2_001.fastq.gz
sample_M37	rep1	lane1	/blue/peter/share/MeJA_time_course/iseq_trial/iSeq-NS2158-BPG61606-1227-pool/M37-S753-S548_L001_ds.b31ecd873d6346f088f148e0ce99f778/M37_S76_L001_R1_001.fastq.gz	/blue/peter/share/MeJA_time_course/iseq_trial/iSeq-NS2158-BPG61606-1227-pool/M37-S753-S548_L001_ds.b31ecd873d6346f088f148e0ce99f778/M37_S76_L001_R2_001.fastq.gz
sample_M38	rep1	lane1	/blue/peter/share/MeJA_time_course/iseq_trial/iSeq-NS2158-BPG61606-1227-pool/M38-S715-S518_L001_ds.682937be284349b68ea21870f1d6aa25/M38_S77_L001_R1_001.fastq.gz	/blue/peter/share/MeJA_time_course/iseq_trial/iSeq-NS2158-BPG61606-1227-pool/M38-S715-S518_L001_ds.682937be284349b68ea21870f1d6aa25/M38_S77_L001_R2_001.fastq.gz
sample_M39	rep1	lane1	/blue/peter/share/MeJA_time_course/iseq_trial/iSeq-NS2158-BPG61606-1227-pool/M39-S704-S585_L001_ds.c9b02d317c7f4c1c99e3864bd1481c60/M39_S78_L001_R1_001.fastq.gz	/blue/peter/share/MeJA_time_course/iseq_trial/iSeq-NS2158-BPG61606-1227-pool/M39-S704-S585_L001_ds.c9b02d317c7f4c1c99e3864bd1481c60/M39_S78_L001_R2_001.fastq.gz
sample_M3	rep1	lane1	/blue/peter/share/MeJA_time_course/iseq_trial/iSeq-NS2158-BPG61606-1227-pool/M3-S774-S506_L001_ds.bcc78e447b4948ceab24fa5a143329be/M3_S43_L001_R1_001.fastq.gz	/blue/peter/share/MeJA_time_course/iseq_trial/iSeq-NS2158-BPG61606-1227-pool/M3-S774-S506_L001_ds.bcc78e447b4948ceab24fa5a143329be/M3_S43_L001_R2_001.fastq.gz
sample_M40	rep1	lane1	/blue/peter/share/MeJA_time_course/iseq_trial/iSeq-NS2158-BPG61606-1227-pool/M40-S752-S544_L001_ds.f63f84cdea4540ef8b06d1df2efe9d2a/M40_S79_L001_R1_001.fastq.gz	/blue/peter/share/MeJA_time_course/iseq_trial/iSeq-NS2158-BPG61606-1227-pool/M40-S752-S544_L001_ds.f63f84cdea4540ef8b06d1df2efe9d2a/M40_S79_L001_R2_001.fastq.gz
sample_M41	rep1	lane1	/blue/peter/share/MeJA_time_course/iseq_trial/iSeq-NS2158-BPG61606-1227-pool/M41-S769-S519_L001_ds.06fc4de3c4ae42f0b2767029cc5d980d/M41_S80_L001_R1_001.fastq.gz	/blue/peter/share/MeJA_time_course/iseq_trial/iSeq-NS2158-BPG61606-1227-pool/M41-S769-S519_L001_ds.06fc4de3c4ae42f0b2767029cc5d980d/M41_S80_L001_R2_001.fastq.gz
sample_M42	rep1	lane1	/blue/peter/share/MeJA_time_course/iseq_trial/iSeq-NS2158-BPG61606-1227-pool/M42-S761-S533_L001_ds.9646bb2e9a564537817d4b62092877c1/M42_S81_L001_R1_001.fastq.gz	/blue/peter/share/MeJA_time_course/iseq_trial/iSeq-NS2158-BPG61606-1227-pool/M42-S761-S533_L001_ds.9646bb2e9a564537817d4b62092877c1/M42_S81_L001_R2_001.fastq.gz
sample_M43	rep1	lane1	/blue/peter/share/MeJA_time_course/iseq_trial/iSeq-NS2158-BPG61606-1227-pool/M43-S780-S530_L001_ds.42c699a38a27455da5523602a323c371/M43_S82_L001_R1_001.fastq.gz	/blue/peter/share/MeJA_time_course/iseq_trial/iSeq-NS2158-BPG61606-1227-pool/M43-S780-S530_L001_ds.42c699a38a27455da5523602a323c371/M43_S82_L001_R2_001.fastq.gz
sample_M44	rep1	lane1	/blue/peter/share/MeJA_time_course/iseq_trial/iSeq-NS2158-BPG61606-1227-pool/M44-S728-S582_L001_ds.2d6348e9a608417ba4f3570ff446dc88/M44_S83_L001_R1_001.fastq.gz	/blue/peter/share/MeJA_time_course/iseq_trial/iSeq-NS2158-BPG61606-1227-pool/M44-S728-S582_L001_ds.2d6348e9a608417ba4f3570ff446dc88/M44_S83_L001_R2_001.fastq.gz
sample_M45	rep1	lane1	/blue/peter/share/MeJA_time_course/iseq_trial/iSeq-NS2158-BPG61606-1227-pool/M45-S737-S576_L001_ds.7ed10e4687aa42259479b60c07511b37/M45_S84_L001_R1_001.fastq.gz	/blue/peter/share/MeJA_time_course/iseq_trial/iSeq-NS2158-BPG61606-1227-pool/M45-S737-S576_L001_ds.7ed10e4687aa42259479b60c07511b37/M45_S84_L001_R2_001.fastq.gz
sample_M47	rep1	lane1	/blue/peter/share/MeJA_time_course/iseq_trial/iSeq-NS2158-BPG61606-1227-pool/M47-S739-S503_L001_ds.aa11840167544646942133d8851e239d/M47_S85_L001_R1_001.fastq.gz	/blue/peter/share/MeJA_time_course/iseq_trial/iSeq-NS2158-BPG61606-1227-pool/M47-S739-S503_L001_ds.aa11840167544646942133d8851e239d/M47_S85_L001_R2_001.fastq.gz
sample_M48	rep1	lane1	/blue/peter/share/MeJA_time_course/iseq_trial/iSeq-NS2158-BPG61606-1227-pool/M48-S788-S587_L001_ds.72fea738ea844bf08cbb92bec2a4b191/M48_S86_L001_R1_001.fastq.gz	/blue/peter/share/MeJA_time_course/iseq_trial/iSeq-NS2158-BPG61606-1227-pool/M48-S788-S587_L001_ds.72fea738ea844bf08cbb92bec2a4b191/M48_S86_L001_R2_001.fastq.gz
sample_M49	rep1	lane1	/blue/peter/share/MeJA_time_course/iseq_trial/iSeq-NS2158-BPG61606-1227-pool/M49-S779-S589_L001_ds.072204b5f87347969b024255d3441770/M49_S87_L001_R1_001.fastq.gz	/blue/peter/share/MeJA_time_course/iseq_trial/iSeq-NS2158-BPG61606-1227-pool/M49-S779-S589_L001_ds.072204b5f87347969b024255d3441770/M49_S87_L001_R2_001.fastq.gz
sample_M50	rep1	lane1	/blue/peter/share/MeJA_time_course/iseq_trial/iSeq-NS2158-BPG61606-1227-pool/M50-S771-S531_L001_ds.7603c4a4403a48539567effbc6f9293c/M50_S88_L001_R1_001.fastq.gz	/blue/peter/share/MeJA_time_course/iseq_trial/iSeq-NS2158-BPG61606-1227-pool/M50-S771-S531_L001_ds.7603c4a4403a48539567effbc6f9293c/M50_S88_L001_R2_001.fastq.gz
sample_M51	rep1	lane1	/blue/peter/share/MeJA_time_course/iseq_trial/iSeq-NS2158-BPG61606-1227-pool/M51-S790-S594_L001_ds.6feca1ae03034666aa834648d39d11a4/M51_S89_L001_R1_001.fastq.gz	/blue/peter/share/MeJA_time_course/iseq_trial/iSeq-NS2158-BPG61606-1227-pool/M51-S790-S594_L001_ds.6feca1ae03034666aa834648d39d11a4/M51_S89_L001_R2_001.fastq.gz
sample_M52	rep1	lane1	/blue/peter/share/MeJA_time_course/iseq_trial/iSeq-NS2158-BPG61606-1227-pool/M52-S724-S547_L001_ds.02725d4cf1114ebc91b2fc7418243bf6/M52_S90_L001_R1_001.fastq.gz	/blue/peter/share/MeJA_time_course/iseq_trial/iSeq-NS2158-BPG61606-1227-pool/M52-S724-S547_L001_ds.02725d4cf1114ebc91b2fc7418243bf6/M52_S90_L001_R2_001.fastq.gz
sample_M53	rep1	lane1	/blue/peter/share/MeJA_time_course/iseq_trial/iSeq-NS2158-BPG61606-1227-pool/M53-S706-S574_L001_ds.e5e6394d2f6a4226b5814511ab7060c5/M53_S91_L001_R1_001.fastq.gz	/blue/peter/share/MeJA_time_course/iseq_trial/iSeq-NS2158-BPG61606-1227-pool/M53-S706-S574_L001_ds.e5e6394d2f6a4226b5814511ab7060c5/M53_S91_L001_R2_001.fastq.gz
sample_M54	rep1	lane1	/blue/peter/share/MeJA_time_course/iseq_trial/iSeq-NS2158-BPG61606-1227-pool/M54-S750-S532_L001_ds.10c4fda2da6c4aba8ef362736566bcb3/M54_S92_L001_R1_001.fastq.gz	/blue/peter/share/MeJA_time_course/iseq_trial/iSeq-NS2158-BPG61606-1227-pool/M54-S750-S532_L001_ds.10c4fda2da6c4aba8ef362736566bcb3/M54_S92_L001_R2_001.fastq.gz
sample_M55	rep1	lane1	/blue/peter/share/MeJA_time_course/iseq_trial/iSeq-NS2158-BPG61606-1227-pool/M55-S775-S509_L001_ds.fb96e9ddace440feb814e8310c3fc6a1/M55_S93_L001_R1_001.fastq.gz	/blue/peter/share/MeJA_time_course/iseq_trial/iSeq-NS2158-BPG61606-1227-pool/M55-S775-S509_L001_ds.fb96e9ddace440feb814e8310c3fc6a1/M55_S93_L001_R2_001.fastq.gz
sample_M56	rep1	lane1	/blue/peter/share/MeJA_time_course/iseq_trial/iSeq-NS2158-BPG61606-1227-pool/M56-S743-S536_L001_ds.fc79778c81c44dba9bdad3cf9dac9ba0/M56_S94_L001_R1_001.fastq.gz	/blue/peter/share/MeJA_time_course/iseq_trial/iSeq-NS2158-BPG61606-1227-pool/M56-S743-S536_L001_ds.fc79778c81c44dba9bdad3cf9dac9ba0/M56_S94_L001_R2_001.fastq.gz
sample_M57	rep1	lane1	/blue/peter/share/MeJA_time_course/iseq_trial/iSeq-NS2158-BPG61606-1227-pool/M57-S786-S513_L001_ds.c1152585387f41b1828060f5a08440ee/M57_S95_L001_R1_001.fastq.gz	/blue/peter/share/MeJA_time_course/iseq_trial/iSeq-NS2158-BPG61606-1227-pool/M57-S786-S513_L001_ds.c1152585387f41b1828060f5a08440ee/M57_S95_L001_R2_001.fastq.gz
sample_M58	rep1	lane1	/blue/peter/share/MeJA_time_course/iseq_trial/iSeq-NS2158-BPG61606-1227-pool/M58-S712-S562_L001_ds.5344bf1a158e4a269d901eee8aa31ede/M58_S96_L001_R1_001.fastq.gz	/blue/peter/share/MeJA_time_course/iseq_trial/iSeq-NS2158-BPG61606-1227-pool/M58-S712-S562_L001_ds.5344bf1a158e4a269d901eee8aa31ede/M58_S96_L001_R2_001.fastq.gz
sample_M59	rep1	lane1	/blue/peter/share/MeJA_time_course/iseq_trial/iSeq-NS2158-BPG61606-1227-pool/M59-S721-S508_L001_ds.8c3e67aea78c42cbaf84e99fda58ad99/M59_S97_L001_R1_001.fastq.gz	/blue/peter/share/MeJA_time_course/iseq_trial/iSeq-NS2158-BPG61606-1227-pool/M59-S721-S508_L001_ds.8c3e67aea78c42cbaf84e99fda58ad99/M59_S97_L001_R2_001.fastq.gz
sample_M5	rep1	lane1	/blue/peter/share/MeJA_time_course/iseq_trial/iSeq-NS2158-BPG61606-1227-pool/M5-S732-S550_L001_ds.d8e61633e8274377ad082424050b126c/M5_S44_L001_R1_001.fastq.gz	/blue/peter/share/MeJA_time_course/iseq_trial/iSeq-NS2158-BPG61606-1227-pool/M5-S732-S550_L001_ds.d8e61633e8274377ad082424050b126c/M5_S44_L001_R2_001.fastq.gz
sample_M60	rep1	lane1	/blue/peter/share/MeJA_time_course/iseq_trial/iSeq-NS2158-BPG61606-1227-pool/M60-S759-S516_L001_ds.84fc0236fef642b095e36f1434f17540/M60_S98_L001_R1_001.fastq.gz	/blue/peter/share/MeJA_time_course/iseq_trial/iSeq-NS2158-BPG61606-1227-pool/M60-S759-S516_L001_ds.84fc0236fef642b095e36f1434f17540/M60_S98_L001_R2_001.fastq.gz
sample_M61	rep1	lane1	/blue/peter/share/MeJA_time_course/iseq_trial/iSeq-NS2158-BPG61606-1227-pool/M61-S711-S560_L001_ds.6e1f76a20a8a420db017a9cfdbb13043/M61_S99_L001_R1_001.fastq.gz	/blue/peter/share/MeJA_time_course/iseq_trial/iSeq-NS2158-BPG61606-1227-pool/M61-S711-S560_L001_ds.6e1f76a20a8a420db017a9cfdbb13043/M61_S99_L001_R2_001.fastq.gz
sample_M62	rep1	lane1	/blue/peter/share/MeJA_time_course/iseq_trial/iSeq-NS2158-BPG61606-1227-pool/M62-S766-S555_L001_ds.efc3ec2ab14c4e8ab686962d4b0089e9/M62_S100_L001_R1_001.fastq.gz	/blue/peter/share/MeJA_time_course/iseq_trial/iSeq-NS2158-BPG61606-1227-pool/M62-S766-S555_L001_ds.efc3ec2ab14c4e8ab686962d4b0089e9/M62_S100_L001_R2_001.fastq.gz
sample_M64	rep1	lane1	/blue/peter/share/MeJA_time_course/iseq_trial/iSeq-NS2158-BPG61606-1227-pool/M64-S738-S525_L001_ds.2869df545a3d4e68b6a2891262f8baf4/M64_S101_L001_R1_001.fastq.gz	/blue/peter/share/MeJA_time_course/iseq_trial/iSeq-NS2158-BPG61606-1227-pool/M64-S738-S525_L001_ds.2869df545a3d4e68b6a2891262f8baf4/M64_S101_L001_R2_001.fastq.gz
sample_M66	rep1	lane1	/blue/peter/share/MeJA_time_course/iseq_trial/iSeq-NS2158-BPG61606-1227-pool/M66-S767-S572_L001_ds.1db70b03debd4cb0adde67910e6d5735/M66_S102_L001_R1_001.fastq.gz	/blue/peter/share/MeJA_time_course/iseq_trial/iSeq-NS2158-BPG61606-1227-pool/M66-S767-S572_L001_ds.1db70b03debd4cb0adde67910e6d5735/M66_S102_L001_R2_001.fastq.gz
sample_M67	rep1	lane1	/blue/peter/share/MeJA_time_course/iseq_trial/iSeq-NS2158-BPG61606-1227-pool/M67-S726-S577_L001_ds.4114aa3281af43dbab5e5108146eaccf/M67_S103_L001_R1_001.fastq.gz	/blue/peter/share/MeJA_time_course/iseq_trial/iSeq-NS2158-BPG61606-1227-pool/M67-S726-S577_L001_ds.4114aa3281af43dbab5e5108146eaccf/M67_S103_L001_R2_001.fastq.gz
sample_M68	rep1	lane1	/blue/peter/share/MeJA_time_course/iseq_trial/iSeq-NS2158-BPG61606-1227-pool/M68-S791-S529_L001_ds.543991151bab4846bb0a354ea67ffe76/M68_S104_L001_R1_001.fastq.gz	/blue/peter/share/MeJA_time_course/iseq_trial/iSeq-NS2158-BPG61606-1227-pool/M68-S791-S529_L001_ds.543991151bab4846bb0a354ea67ffe76/M68_S104_L001_R2_001.fastq.gz
sample_M69	rep1	lane1	/blue/peter/share/MeJA_time_course/iseq_trial/iSeq-NS2158-BPG61606-1227-pool/M69-S740-S570_L001_ds.f829e8668ea0408bbe9b1b35f1c2014c/M69_S105_L001_R1_001.fastq.gz	/blue/peter/share/MeJA_time_course/iseq_trial/iSeq-NS2158-BPG61606-1227-pool/M69-S740-S570_L001_ds.f829e8668ea0408bbe9b1b35f1c2014c/M69_S105_L001_R2_001.fastq.gz
sample_M6	rep1	lane1	/blue/peter/share/MeJA_time_course/iseq_trial/iSeq-NS2158-BPG61606-1227-pool/M6-S709-S575_L001_ds.1048e8ac775f424da1825d27e8594547/M6_S45_L001_R1_001.fastq.gz	/blue/peter/share/MeJA_time_course/iseq_trial/iSeq-NS2158-BPG61606-1227-pool/M6-S709-S575_L001_ds.1048e8ac775f424da1825d27e8594547/M6_S45_L001_R2_001.fastq.gz
sample_M70	rep1	lane1	/blue/peter/share/MeJA_time_course/iseq_trial/iSeq-NS2158-BPG61606-1227-pool/M70-S781-S510_L001_ds.301e9e6d68a04560ab3c2800582a66fc/M70_S106_L001_R1_001.fastq.gz	/blue/peter/share/MeJA_time_course/iseq_trial/iSeq-NS2158-BPG61606-1227-pool/M70-S781-S510_L001_ds.301e9e6d68a04560ab3c2800582a66fc/M70_S106_L001_R2_001.fastq.gz
sample_M71	rep1	lane1	/blue/peter/share/MeJA_time_course/iseq_trial/iSeq-NS2158-BPG61606-1227-pool/M71-S778-S522_L001_ds.7f0147bc318e41568d361645dea5e6fd/M71_S107_L001_R1_001.fastq.gz	/blue/peter/share/MeJA_time_course/iseq_trial/iSeq-NS2158-BPG61606-1227-pool/M71-S778-S522_L001_ds.7f0147bc318e41568d361645dea5e6fd/M71_S107_L001_R2_001.fastq.gz
sample_M73	rep1	lane1	/blue/peter/share/MeJA_time_course/iseq_trial/iSeq-NS2158-BPG61606-1227-pool/M73-S746-S583_L001_ds.8bc860b7e51d49ceaf18abc4836811c0/M73_S108_L001_R1_001.fastq.gz	/blue/peter/share/MeJA_time_course/iseq_trial/iSeq-NS2158-BPG61606-1227-pool/M73-S746-S583_L001_ds.8bc860b7e51d49ceaf18abc4836811c0/M73_S108_L001_R2_001.fastq.gz
sample_M75	rep1	lane1	/blue/peter/share/MeJA_time_course/iseq_trial/iSeq-NS2158-BPG61606-1227-pool/M75-S745-S557_L001_ds.4247692b655d470ca665c569886c8277/M75_S109_L001_R1_001.fastq.gz	/blue/peter/share/MeJA_time_course/iseq_trial/iSeq-NS2158-BPG61606-1227-pool/M75-S745-S557_L001_ds.4247692b655d470ca665c569886c8277/M75_S109_L001_R2_001.fastq.gz
sample_M76	rep1	lane1	/blue/peter/share/MeJA_time_course/iseq_trial/iSeq-NS2158-BPG61606-1227-pool/M76-S707-S596_L001_ds.4e89c4f390234450be8d42e3b65263e8/M76_S110_L001_R1_001.fastq.gz	/blue/peter/share/MeJA_time_course/iseq_trial/iSeq-NS2158-BPG61606-1227-pool/M76-S707-S596_L001_ds.4e89c4f390234450be8d42e3b65263e8/M76_S110_L001_R2_001.fastq.gz
sample_M77	rep1	lane1	/blue/peter/share/MeJA_time_course/iseq_trial/iSeq-NS2158-BPG61606-1227-pool/M77-S723-S502_L001_ds.99229517ff824e31bea0e0c2dfa3fadc/M77_S111_L001_R1_001.fastq.gz	/blue/peter/share/MeJA_time_course/iseq_trial/iSeq-NS2158-BPG61606-1227-pool/M77-S723-S502_L001_ds.99229517ff824e31bea0e0c2dfa3fadc/M77_S111_L001_R2_001.fastq.gz
sample_M78	rep1	lane1	/blue/peter/share/MeJA_time_course/iseq_trial/iSeq-NS2158-BPG61606-1227-pool/M78-S793-S573_L001_ds.f9c288e4a5d24187908a500f4f7a49ee/M78_S112_L001_R1_001.fastq.gz	/blue/peter/share/MeJA_time_course/iseq_trial/iSeq-NS2158-BPG61606-1227-pool/M78-S793-S573_L001_ds.f9c288e4a5d24187908a500f4f7a49ee/M78_S112_L001_R2_001.fastq.gz
sample_M79	rep1	lane1	/blue/peter/share/MeJA_time_course/iseq_trial/iSeq-NS2158-BPG61606-1227-pool/M79-S765-S549_L001_ds.07cea668ee7541888fae69b822a14276/M79_S113_L001_R1_001.fastq.gz	/blue/peter/share/MeJA_time_course/iseq_trial/iSeq-NS2158-BPG61606-1227-pool/M79-S765-S549_L001_ds.07cea668ee7541888fae69b822a14276/M79_S113_L001_R2_001.fastq.gz
sample_M7	rep1	lane1	/blue/peter/share/MeJA_time_course/iseq_trial/iSeq-NS2158-BPG61606-1227-pool/M7-S736-S543_L001_ds.657e8c6b29ef409097f7ad6b44085eff/M7_S46_L001_R1_001.fastq.gz	/blue/peter/share/MeJA_time_course/iseq_trial/iSeq-NS2158-BPG61606-1227-pool/M7-S736-S543_L001_ds.657e8c6b29ef409097f7ad6b44085eff/M7_S46_L001_R2_001.fastq.gz
sample_M80	rep1	lane1	/blue/peter/share/MeJA_time_course/iseq_trial/iSeq-NS2158-BPG61606-1227-pool/M80-S717-S595_L001_ds.03c8b670034243cf9e6f8a47d0c9323d/M80_S114_L001_R1_001.fastq.gz	/blue/peter/share/MeJA_time_course/iseq_trial/iSeq-NS2158-BPG61606-1227-pool/M80-S717-S595_L001_ds.03c8b670034243cf9e6f8a47d0c9323d/M80_S114_L001_R2_001.fastq.gz
sample_M81	rep1	lane1	/blue/peter/share/MeJA_time_course/iseq_trial/iSeq-NS2158-BPG61606-1227-pool/M81-S751-S542_L001_ds.dde34d93f1c54d02916288d385589bb0/M81_S115_L001_R1_001.fastq.gz	/blue/peter/share/MeJA_time_course/iseq_trial/iSeq-NS2158-BPG61606-1227-pool/M81-S751-S542_L001_ds.dde34d93f1c54d02916288d385589bb0/M81_S115_L001_R2_001.fastq.gz
sample_M82	rep1	lane1	/blue/peter/share/MeJA_time_course/iseq_trial/iSeq-NS2158-BPG61606-1227-pool/M82-S798-S527_L001_ds.df6f6c7e60b141e9be65b39af1637d20/M82_S116_L001_R1_001.fastq.gz	/blue/peter/share/MeJA_time_course/iseq_trial/iSeq-NS2158-BPG61606-1227-pool/M82-S798-S527_L001_ds.df6f6c7e60b141e9be65b39af1637d20/M82_S116_L001_R2_001.fastq.gz
sample_M83	rep1	lane1	/blue/peter/share/MeJA_time_course/iseq_trial/iSeq-NS2158-BPG61606-1227-pool/M83-S754-S535_L001_ds.698be356c1914f2bb753275613dd8586/M83_S117_L001_R1_001.fastq.gz	/blue/peter/share/MeJA_time_course/iseq_trial/iSeq-NS2158-BPG61606-1227-pool/M83-S754-S535_L001_ds.698be356c1914f2bb753275613dd8586/M83_S117_L001_R2_001.fastq.gz
sample_M84	rep1	lane1	/blue/peter/share/MeJA_time_course/iseq_trial/iSeq-NS2158-BPG61606-1227-pool/M84-S701-S597_L001_ds.faf54a5ad1ed40e581bd9b9ffc868991/M84_S118_L001_R1_001.fastq.gz	/blue/peter/share/MeJA_time_course/iseq_trial/iSeq-NS2158-BPG61606-1227-pool/M84-S701-S597_L001_ds.faf54a5ad1ed40e581bd9b9ffc868991/M84_S118_L001_R2_001.fastq.gz
sample_M85	rep1	lane1	/blue/peter/share/MeJA_time_course/iseq_trial/iSeq-NS2158-BPG61606-1227-pool/M85-S705-S563_L001_ds.16af06174868406daee87c728d191a47/M85_S119_L001_R1_001.fastq.gz	/blue/peter/share/MeJA_time_course/iseq_trial/iSeq-NS2158-BPG61606-1227-pool/M85-S705-S563_L001_ds.16af06174868406daee87c728d191a47/M85_S119_L001_R2_001.fastq.gz
sample_M86	rep1	lane1	/blue/peter/share/MeJA_time_course/iseq_trial/iSeq-NS2158-BPG61606-1227-pool/M86-S720-S514_L001_ds.8aa0809db8cf4adc85af3ba5e4c88403/M86_S120_L001_R1_001.fastq.gz	/blue/peter/share/MeJA_time_course/iseq_trial/iSeq-NS2158-BPG61606-1227-pool/M86-S720-S514_L001_ds.8aa0809db8cf4adc85af3ba5e4c88403/M86_S120_L001_R2_001.fastq.gz
sample_M87	rep1	lane1	/blue/peter/share/MeJA_time_course/iseq_trial/iSeq-NS2158-BPG61606-1227-pool/M87-S741-S584_L001_ds.ab406dbff17b4817b089f3ffc48bab10/M87_S121_L001_R1_001.fastq.gz	/blue/peter/share/MeJA_time_course/iseq_trial/iSeq-NS2158-BPG61606-1227-pool/M87-S741-S584_L001_ds.ab406dbff17b4817b089f3ffc48bab10/M87_S121_L001_R2_001.fastq.gz
sample_M88	rep1	lane1	/blue/peter/share/MeJA_time_course/iseq_trial/iSeq-NS2158-BPG61606-1227-pool/M88-S768-S558_L001_ds.3d77efc5b78f438d9eaa13ece3eeb630/M88_S122_L001_R1_001.fastq.gz	/blue/peter/share/MeJA_time_course/iseq_trial/iSeq-NS2158-BPG61606-1227-pool/M88-S768-S558_L001_ds.3d77efc5b78f438d9eaa13ece3eeb630/M88_S122_L001_R2_001.fastq.gz
sample_M89	rep1	lane1	/blue/peter/share/MeJA_time_course/iseq_trial/iSeq-NS2158-BPG61606-1227-pool/M89-S748-S553_L001_ds.0119c0cbff714c71bbd8a2eff9ae2220/M89_S123_L001_R1_001.fastq.gz	/blue/peter/share/MeJA_time_course/iseq_trial/iSeq-NS2158-BPG61606-1227-pool/M89-S748-S553_L001_ds.0119c0cbff714c71bbd8a2eff9ae2220/M89_S123_L001_R2_001.fastq.gz
sample_M8	rep1	lane1	/blue/peter/share/MeJA_time_course/iseq_trial/iSeq-NS2158-BPG61606-1227-pool/M8-S713-S586_L001_ds.6b14835dbc5d484f92061dcbc40f64d7/M8_S47_L001_R1_001.fastq.gz	/blue/peter/share/MeJA_time_course/iseq_trial/iSeq-NS2158-BPG61606-1227-pool/M8-S713-S586_L001_ds.6b14835dbc5d484f92061dcbc40f64d7/M8_S47_L001_R2_001.fastq.gz
sample_M90	rep1	lane1	/blue/peter/share/MeJA_time_course/iseq_trial/iSeq-NS2158-BPG61606-1227-pool/M90-S718-S515_L001_ds.656844ea676c4d42bc6b5a40903af42b/M90_S124_L001_R1_001.fastq.gz	/blue/peter/share/MeJA_time_course/iseq_trial/iSeq-NS2158-BPG61606-1227-pool/M90-S718-S515_L001_ds.656844ea676c4d42bc6b5a40903af42b/M90_S124_L001_R2_001.fastq.gz
sample_M91	rep1	lane1	/blue/peter/share/MeJA_time_course/iseq_trial/iSeq-NS2158-BPG61606-1227-pool/M91-S785-S504_L001_ds.d7fdd6bb94bb4fef9eda28a1da66b68b/M91_S125_L001_R1_001.fastq.gz	/blue/peter/share/MeJA_time_course/iseq_trial/iSeq-NS2158-BPG61606-1227-pool/M91-S785-S504_L001_ds.d7fdd6bb94bb4fef9eda28a1da66b68b/M91_S125_L001_R2_001.fastq.gz
sample_M93	rep1	lane1	/blue/peter/share/MeJA_time_course/iseq_trial/iSeq-NS2158-BPG61606-1227-pool/M93-S744-S552_L001_ds.cc08177300af4dd08c4ac2274c12ae3a/M93_S126_L001_R1_001.fastq.gz	/blue/peter/share/MeJA_time_course/iseq_trial/iSeq-NS2158-BPG61606-1227-pool/M93-S744-S552_L001_ds.cc08177300af4dd08c4ac2274c12ae3a/M93_S126_L001_R2_001.fastq.gz
sample_M94	rep1	lane1	/blue/peter/share/MeJA_time_course/iseq_trial/iSeq-NS2158-BPG61606-1227-pool/M94-S719-S569_L001_ds.cd45fdadf77c4a24b2c07b3a8885d022/M94_S127_L001_R1_001.fastq.gz	/blue/peter/share/MeJA_time_course/iseq_trial/iSeq-NS2158-BPG61606-1227-pool/M94-S719-S569_L001_ds.cd45fdadf77c4a24b2c07b3a8885d022/M94_S127_L001_R2_001.fastq.gz
sample_M95	rep1	lane1	/blue/peter/share/MeJA_time_course/iseq_trial/iSeq-NS2158-BPG61606-1227-pool/M95-S733-S561_L001_ds.5e34abef0fe945a1b1c78fb09a0ea44f/M95_S128_L001_R1_001.fastq.gz	/blue/peter/share/MeJA_time_course/iseq_trial/iSeq-NS2158-BPG61606-1227-pool/M95-S733-S561_L001_ds.5e34abef0fe945a1b1c78fb09a0ea44f/M95_S128_L001_R2_001.fastq.gz
sample_M9	rep1	lane1	/blue/peter/share/MeJA_time_course/iseq_trial/iSeq-NS2158-BPG61606-1227-pool/M9-S762-S512_L001_ds.ea87708bea6a4395a9da9d9dca122af3/M9_S48_L001_R1_001.fastq.gz	/blue/peter/share/MeJA_time_course/iseq_trial/iSeq-NS2158-BPG61606-1227-pool/M9-S762-S512_L001_ds.ea87708bea6a4395a9da9d9dca122af3/M9_S48_L001_R2_001.fastq.gz
