sample_157	rep1	lane1	/blue/peter/share/MeJA_time_course/iseq_trial2/iSeq-NS2176-BPG61607-2535-pool/157-S787-S588_L001_ds.3a5d0b1e3b934bd38b8b51d633cc466d/157_S133_L001_R1_001.fastq.gz	/blue/peter/share/MeJA_time_course/iseq_trial2/iSeq-NS2176-BPG61607-2535-pool/157-S787-S588_L001_ds.3a5d0b1e3b934bd38b8b51d633cc466d/157_S133_L001_R2_001.fastq.gz
sample_158	rep1	lane1	/blue/peter/share/MeJA_time_course/iseq_trial2/iSeq-NS2176-BPG61607-2535-pool/158-S789-S579_L001_ds.a2de153a4094435c8811b51fed7911dc/158_S134_L001_R1_001.fastq.gz	/blue/peter/share/MeJA_time_course/iseq_trial2/iSeq-NS2176-BPG61607-2535-pool/158-S789-S579_L001_ds.a2de153a4094435c8811b51fed7911dc/158_S134_L001_R2_001.fastq.gz
sample_159	rep1	lane1	/blue/peter/share/MeJA_time_course/iseq_trial2/iSeq-NS2176-BPG61607-2535-pool/159-S731-S571_L001_ds.d42964836cf346ab8f4845c73df01ad2/159_S135_L001_R1_001.fastq.gz	/blue/peter/share/MeJA_time_course/iseq_trial2/iSeq-NS2176-BPG61607-2535-pool/159-S731-S571_L001_ds.d42964836cf346ab8f4845c73df01ad2/159_S135_L001_R2_001.fastq.gz
sample_160	rep1	lane1	/blue/peter/share/MeJA_time_course/iseq_trial2/iSeq-NS2176-BPG61607-2535-pool/160-P7104-P5997_L001_ds.a338d9cfbf9643ee8746b8e1a355c54e/160_S1_L001_R1_001.fastq.gz	/blue/peter/share/MeJA_time_course/iseq_trial2/iSeq-NS2176-BPG61607-2535-pool/160-P7104-P5997_L001_ds.a338d9cfbf9643ee8746b8e1a355c54e/160_S1_L001_R2_001.fastq.gz
sample_221	rep1	lane1	/blue/peter/share/MeJA_time_course/iseq_trial2/iSeq-NS2176-BPG61607-2535-pool/221-P7146-P5117_L001_ds.ea7d568f87cf4cd8a1626e7fe6323cb5/221_S2_L001_R1_001.fastq.gz	/blue/peter/share/MeJA_time_course/iseq_trial2/iSeq-NS2176-BPG61607-2535-pool/221-P7146-P5117_L001_ds.ea7d568f87cf4cd8a1626e7fe6323cb5/221_S2_L001_R2_001.fastq.gz
sample_222	rep1	lane1	/blue/peter/share/MeJA_time_course/iseq_trial2/iSeq-NS2176-BPG61607-2535-pool/222-P7143-P5111_L001_ds.a88fc8ef9ffa4f0d94c97c96b2b02033/222_S3_L001_R1_001.fastq.gz	/blue/peter/share/MeJA_time_course/iseq_trial2/iSeq-NS2176-BPG61607-2535-pool/222-P7143-P5111_L001_ds.a88fc8ef9ffa4f0d94c97c96b2b02033/222_S3_L001_R2_001.fastq.gz
sample_223	rep1	lane1	/blue/peter/share/MeJA_time_course/iseq_trial2/iSeq-NS2176-BPG61607-2535-pool/223-P7142-P5109_L001_ds.3973c37b2d10410a8923af81c494831e/223_S4_L001_R1_001.fastq.gz	/blue/peter/share/MeJA_time_course/iseq_trial2/iSeq-NS2176-BPG61607-2535-pool/223-P7142-P5109_L001_ds.3973c37b2d10410a8923af81c494831e/223_S4_L001_R2_001.fastq.gz
sample_224	rep1	lane1	/blue/peter/share/MeJA_time_course/iseq_trial2/iSeq-NS2176-BPG61607-2535-pool/224-P7141-P5108_L001_ds.695620c61bc84c8ab12783a30e786328/224_S5_L001_R1_001.fastq.gz	/blue/peter/share/MeJA_time_course/iseq_trial2/iSeq-NS2176-BPG61607-2535-pool/224-P7141-P5108_L001_ds.695620c61bc84c8ab12783a30e786328/224_S5_L001_R2_001.fastq.gz
sample_253	rep1	lane1	/blue/peter/share/MeJA_time_course/iseq_trial2/iSeq-NS2176-BPG61607-2535-pool/253-P7133-P5107_L001_ds.3c96a18a64b5463cbb6dde7f90136bdb/253_S6_L001_R1_001.fastq.gz	/blue/peter/share/MeJA_time_course/iseq_trial2/iSeq-NS2176-BPG61607-2535-pool/253-P7133-P5107_L001_ds.3c96a18a64b5463cbb6dde7f90136bdb/253_S6_L001_R2_001.fastq.gz
sample_254	rep1	lane1	/blue/peter/share/MeJA_time_course/iseq_trial2/iSeq-NS2176-BPG61607-2535-pool/254-P7148-P5136_L001_ds.49712010fb544a2e94b70921cc0f13e1/254_S7_L001_R1_001.fastq.gz	/blue/peter/share/MeJA_time_course/iseq_trial2/iSeq-NS2176-BPG61607-2535-pool/254-P7148-P5136_L001_ds.49712010fb544a2e94b70921cc0f13e1/254_S7_L001_R2_001.fastq.gz
sample_255	rep1	lane1	/blue/peter/share/MeJA_time_course/iseq_trial2/iSeq-NS2176-BPG61607-2535-pool/255-P7126-P5134_L001_ds.884bb7afce014b06ade415fa34676b2a/255_S8_L001_R1_001.fastq.gz	/blue/peter/share/MeJA_time_course/iseq_trial2/iSeq-NS2176-BPG61607-2535-pool/255-P7126-P5134_L001_ds.884bb7afce014b06ade415fa34676b2a/255_S8_L001_R2_001.fastq.gz
sample_256	rep1	lane1	/blue/peter/share/MeJA_time_course/iseq_trial2/iSeq-NS2176-BPG61607-2535-pool/256-P7103-P5189_L001_ds.7d68fa8e18a64e18ab3c1e28e561165c/256_S9_L001_R1_001.fastq.gz	/blue/peter/share/MeJA_time_course/iseq_trial2/iSeq-NS2176-BPG61607-2535-pool/256-P7103-P5189_L001_ds.7d68fa8e18a64e18ab3c1e28e561165c/256_S9_L001_R2_001.fastq.gz
sample_277	rep1	lane1	/blue/peter/share/MeJA_time_course/iseq_trial2/iSeq-NS2176-BPG61607-2535-pool/277-P7158-P5137_L001_ds.146e567ba6f844cf901f8a647fe21169/277_S10_L001_R1_001.fastq.gz	/blue/peter/share/MeJA_time_course/iseq_trial2/iSeq-NS2176-BPG61607-2535-pool/277-P7158-P5137_L001_ds.146e567ba6f844cf901f8a647fe21169/277_S10_L001_R2_001.fastq.gz
sample_278	rep1	lane1	/blue/peter/share/MeJA_time_course/iseq_trial2/iSeq-NS2176-BPG61607-2535-pool/278-P7157-P5129_L001_ds.bb01e2eeee834e2aac4d704259da1b88/278_S11_L001_R1_001.fastq.gz	/blue/peter/share/MeJA_time_course/iseq_trial2/iSeq-NS2176-BPG61607-2535-pool/278-P7157-P5129_L001_ds.bb01e2eeee834e2aac4d704259da1b88/278_S11_L001_R2_001.fastq.gz
sample_279	rep1	lane1	/blue/peter/share/MeJA_time_course/iseq_trial2/iSeq-NS2176-BPG61607-2535-pool/279-P7155-P5125_L001_ds.ff7e93e7e3bb4b689c0ef42972541f17/279_S12_L001_R1_001.fastq.gz	/blue/peter/share/MeJA_time_course/iseq_trial2/iSeq-NS2176-BPG61607-2535-pool/279-P7155-P5125_L001_ds.ff7e93e7e3bb4b689c0ef42972541f17/279_S12_L001_R2_001.fastq.gz
sample_280	rep1	lane1	/blue/peter/share/MeJA_time_course/iseq_trial2/iSeq-NS2176-BPG61607-2535-pool/280-P7154-P5124_L001_ds.0ce8ae6a6bb74fd5a50dc69ac81b1d80/280_S13_L001_R1_001.fastq.gz	/blue/peter/share/MeJA_time_course/iseq_trial2/iSeq-NS2176-BPG61607-2535-pool/280-P7154-P5124_L001_ds.0ce8ae6a6bb74fd5a50dc69ac81b1d80/280_S13_L001_R2_001.fastq.gz
sample_325	rep1	lane1	/blue/peter/share/MeJA_time_course/iseq_trial2/iSeq-NS2176-BPG61607-2535-pool/325-P7153-P5122_L001_ds.10943e53bc614b779b49d23f7ce26d0e/325_S14_L001_R1_001.fastq.gz	/blue/peter/share/MeJA_time_course/iseq_trial2/iSeq-NS2176-BPG61607-2535-pool/325-P7153-P5122_L001_ds.10943e53bc614b779b49d23f7ce26d0e/325_S14_L001_R2_001.fastq.gz
sample_326	rep1	lane1	/blue/peter/share/MeJA_time_course/iseq_trial2/iSeq-NS2176-BPG61607-2535-pool/326-P7136-P5170_L001_ds.0e9ff61e85b94bc5ac2b08ede1b138ca/326_S15_L001_R1_001.fastq.gz	/blue/peter/share/MeJA_time_course/iseq_trial2/iSeq-NS2176-BPG61607-2535-pool/326-P7136-P5170_L001_ds.0e9ff61e85b94bc5ac2b08ede1b138ca/326_S15_L001_R2_001.fastq.gz
sample_327	rep1	lane1	/blue/peter/share/MeJA_time_course/iseq_trial2/iSeq-NS2176-BPG61607-2535-pool/327-P7134-P5135_L001_ds.e555afebf8304d7ba7a61d2b3e5dd808/327_S16_L001_R1_001.fastq.gz	/blue/peter/share/MeJA_time_course/iseq_trial2/iSeq-NS2176-BPG61607-2535-pool/327-P7134-P5135_L001_ds.e555afebf8304d7ba7a61d2b3e5dd808/327_S16_L001_R2_001.fastq.gz
sample_328	rep1	lane1	/blue/peter/share/MeJA_time_course/iseq_trial2/iSeq-NS2176-BPG61607-2535-pool/328-P7102-P5183_L001_ds.3e733da0d11c4a648a5d303991f33423/328_S17_L001_R1_001.fastq.gz	/blue/peter/share/MeJA_time_course/iseq_trial2/iSeq-NS2176-BPG61607-2535-pool/328-P7102-P5183_L001_ds.3e733da0d11c4a648a5d303991f33423/328_S17_L001_R2_001.fastq.gz
sample_330	rep1	lane1	/blue/peter/share/MeJA_time_course/iseq_trial2/iSeq-NS2176-BPG61607-2535-pool/330-P7174-P5147_L001_ds.9bc78f8ed45843a5b5a0c54db84c8412/330_S18_L001_R1_001.fastq.gz	/blue/peter/share/MeJA_time_course/iseq_trial2/iSeq-NS2176-BPG61607-2535-pool/330-P7174-P5147_L001_ds.9bc78f8ed45843a5b5a0c54db84c8412/330_S18_L001_R2_001.fastq.gz
sample_331	rep1	lane1	/blue/peter/share/MeJA_time_course/iseq_trial2/iSeq-NS2176-BPG61607-2535-pool/331-P7166-P5145_L001_ds.4dacfb1578ac4c6c9a1a3d0d0dfd090c/331_S19_L001_R1_001.fastq.gz	/blue/peter/share/MeJA_time_course/iseq_trial2/iSeq-NS2176-BPG61607-2535-pool/331-P7166-P5145_L001_ds.4dacfb1578ac4c6c9a1a3d0d0dfd090c/331_S19_L001_R2_001.fastq.gz
sample_332	rep1	lane1	/blue/peter/share/MeJA_time_course/iseq_trial2/iSeq-NS2176-BPG61607-2535-pool/332-P7165-P5144_L001_ds.e2847cf49db74cee828bf72cac6be07d/332_S20_L001_R1_001.fastq.gz	/blue/peter/share/MeJA_time_course/iseq_trial2/iSeq-NS2176-BPG61607-2535-pool/332-P7165-P5144_L001_ds.e2847cf49db74cee828bf72cac6be07d/332_S20_L001_R2_001.fastq.gz
sample_37	rep1	lane1	/blue/peter/share/MeJA_time_course/iseq_trial2/iSeq-NS2176-BPG61607-2535-pool/37-S730-S580_L001_ds.051b0f964a0942da908731280ec1f9e0/37_S129_L001_R1_001.fastq.gz	/blue/peter/share/MeJA_time_course/iseq_trial2/iSeq-NS2176-BPG61607-2535-pool/37-S730-S580_L001_ds.051b0f964a0942da908731280ec1f9e0/37_S129_L001_R2_001.fastq.gz
sample_38	rep1	lane1	/blue/peter/share/MeJA_time_course/iseq_trial2/iSeq-NS2176-BPG61607-2535-pool/38-S782-S528_L001_ds.e2ad75e3aad04fdba3cd3061dff6917d/38_S130_L001_R1_001.fastq.gz	/blue/peter/share/MeJA_time_course/iseq_trial2/iSeq-NS2176-BPG61607-2535-pool/38-S782-S528_L001_ds.e2ad75e3aad04fdba3cd3061dff6917d/38_S130_L001_R2_001.fastq.gz
sample_39	rep1	lane1	/blue/peter/share/MeJA_time_course/iseq_trial2/iSeq-NS2176-BPG61607-2535-pool/39-S776-S537_L001_ds.ea5a74c199df40c78164f00306710218/39_S131_L001_R1_001.fastq.gz	/blue/peter/share/MeJA_time_course/iseq_trial2/iSeq-NS2176-BPG61607-2535-pool/39-S776-S537_L001_ds.ea5a74c199df40c78164f00306710218/39_S131_L001_R2_001.fastq.gz
sample_405	rep1	lane1	/blue/peter/share/MeJA_time_course/iseq_trial2/iSeq-NS2176-BPG61607-2535-pool/405-P7162-P5140_L001_ds.30af164da5c64ae7bdc23767c81287b6/405_S21_L001_R1_001.fastq.gz	/blue/peter/share/MeJA_time_course/iseq_trial2/iSeq-NS2176-BPG61607-2535-pool/405-P7162-P5140_L001_ds.30af164da5c64ae7bdc23767c81287b6/405_S21_L001_R2_001.fastq.gz
sample_406	rep1	lane1	/blue/peter/share/MeJA_time_course/iseq_trial2/iSeq-NS2176-BPG61607-2535-pool/406-P7160-P5139_L001_ds.57f09c1b66854059bde571a4e8a5f80d/406_S22_L001_R1_001.fastq.gz	/blue/peter/share/MeJA_time_course/iseq_trial2/iSeq-NS2176-BPG61607-2535-pool/406-P7160-P5139_L001_ds.57f09c1b66854059bde571a4e8a5f80d/406_S22_L001_R2_001.fastq.gz
sample_407	rep1	lane1	/blue/peter/share/MeJA_time_course/iseq_trial2/iSeq-NS2176-BPG61607-2535-pool/407-P7100-P5180_L001_ds.7ab939643e894e7684fc9868e3a2a02f/407_S23_L001_R1_001.fastq.gz	/blue/peter/share/MeJA_time_course/iseq_trial2/iSeq-NS2176-BPG61607-2535-pool/407-P7100-P5180_L001_ds.7ab939643e894e7684fc9868e3a2a02f/407_S23_L001_R2_001.fastq.gz
sample_408	rep1	lane1	/blue/peter/share/MeJA_time_course/iseq_trial2/iSeq-NS2176-BPG61607-2535-pool/408-P7135-P5127_L001_ds.10d9a485fd5b434e86d7f159cc952503/408_S24_L001_R1_001.fastq.gz	/blue/peter/share/MeJA_time_course/iseq_trial2/iSeq-NS2176-BPG61607-2535-pool/408-P7135-P5127_L001_ds.10d9a485fd5b434e86d7f159cc952503/408_S24_L001_R2_001.fastq.gz
sample_40	rep1	lane1	/blue/peter/share/MeJA_time_course/iseq_trial2/iSeq-NS2176-BPG61607-2535-pool/40-S703-S539_L001_ds.4f9d8b6106d0463daa33ae7e1ed994e1/40_S132_L001_R1_001.fastq.gz	/blue/peter/share/MeJA_time_course/iseq_trial2/iSeq-NS2176-BPG61607-2535-pool/40-S703-S539_L001_ds.4f9d8b6106d0463daa33ae7e1ed994e1/40_S132_L001_R2_001.fastq.gz
sample_417	rep1	lane1	/blue/peter/share/MeJA_time_course/iseq_trial2/iSeq-NS2176-BPG61607-2535-pool/417-P7099-P5179_L001_ds.8be4ace64dbf4a5e8332bd8f22e4734f/417_S25_L001_R1_001.fastq.gz	/blue/peter/share/MeJA_time_course/iseq_trial2/iSeq-NS2176-BPG61607-2535-pool/417-P7099-P5179_L001_ds.8be4ace64dbf4a5e8332bd8f22e4734f/417_S25_L001_R2_001.fastq.gz
sample_418	rep1	lane1	/blue/peter/share/MeJA_time_course/iseq_trial2/iSeq-NS2176-BPG61607-2535-pool/418-P7185-P5163_L001_ds.624e4d6a9c1b4351b876d3db212251d9/418_S26_L001_R1_001.fastq.gz	/blue/peter/share/MeJA_time_course/iseq_trial2/iSeq-NS2176-BPG61607-2535-pool/418-P7185-P5163_L001_ds.624e4d6a9c1b4351b876d3db212251d9/418_S26_L001_R2_001.fastq.gz
sample_419	rep1	lane1	/blue/peter/share/MeJA_time_course/iseq_trial2/iSeq-NS2176-BPG61607-2535-pool/419-P7184-P5161_L001_ds.5afdfcfe37474d7eb6f01d5acf3aabff/419_S27_L001_R1_001.fastq.gz	/blue/peter/share/MeJA_time_course/iseq_trial2/iSeq-NS2176-BPG61607-2535-pool/419-P7184-P5161_L001_ds.5afdfcfe37474d7eb6f01d5acf3aabff/419_S27_L001_R2_001.fastq.gz
sample_420	rep1	lane1	/blue/peter/share/MeJA_time_course/iseq_trial2/iSeq-NS2176-BPG61607-2535-pool/420-P7182-P5156_L001_ds.0cd1adc3b5d040899660c1b380892979/420_S28_L001_R1_001.fastq.gz	/blue/peter/share/MeJA_time_course/iseq_trial2/iSeq-NS2176-BPG61607-2535-pool/420-P7182-P5156_L001_ds.0cd1adc3b5d040899660c1b380892979/420_S28_L001_R2_001.fastq.gz
sample_445	rep1	lane1	/blue/peter/share/MeJA_time_course/iseq_trial2/iSeq-NS2176-BPG61607-2535-pool/445-P7181-P5151_L001_ds.e308f1a137e54c6ba7c8d738a9803e56/445_S29_L001_R1_001.fastq.gz	/blue/peter/share/MeJA_time_course/iseq_trial2/iSeq-NS2176-BPG61607-2535-pool/445-P7181-P5151_L001_ds.e308f1a137e54c6ba7c8d738a9803e56/445_S29_L001_R2_001.fastq.gz
sample_446	rep1	lane1	/blue/peter/share/MeJA_time_course/iseq_trial2/iSeq-NS2176-BPG61607-2535-pool/446-P7998-P5178_L001_ds.f6454ef2145a409789970865f0d8b94c/446_S30_L001_R1_001.fastq.gz	/blue/peter/share/MeJA_time_course/iseq_trial2/iSeq-NS2176-BPG61607-2535-pool/446-P7998-P5178_L001_ds.f6454ef2145a409789970865f0d8b94c/446_S30_L001_R2_001.fastq.gz
sample_447	rep1	lane1	/blue/peter/share/MeJA_time_course/iseq_trial2/iSeq-NS2176-BPG61607-2535-pool/447-P7169-P5148_L001_ds.113146892d194756af38999ab5dc2109/447_S31_L001_R1_001.fastq.gz	/blue/peter/share/MeJA_time_course/iseq_trial2/iSeq-NS2176-BPG61607-2535-pool/447-P7169-P5148_L001_ds.113146892d194756af38999ab5dc2109/447_S31_L001_R2_001.fastq.gz
sample_448	rep1	lane1	/blue/peter/share/MeJA_time_course/iseq_trial2/iSeq-NS2176-BPG61607-2535-pool/448-P7127-P5126_L001_ds.92b8ab27b4a0433fac9bfe01062ae637/448_S32_L001_R1_001.fastq.gz	/blue/peter/share/MeJA_time_course/iseq_trial2/iSeq-NS2176-BPG61607-2535-pool/448-P7127-P5126_L001_ds.92b8ab27b4a0433fac9bfe01062ae637/448_S32_L001_R2_001.fastq.gz
sample_489	rep1	lane1	/blue/peter/share/MeJA_time_course/iseq_trial2/iSeq-NS2176-BPG61607-2535-pool/489-P7385-P5175_L001_ds.8b9f250d2a214059b1ac1412ee372b2f/489_S33_L001_R1_001.fastq.gz	/blue/peter/share/MeJA_time_course/iseq_trial2/iSeq-NS2176-BPG61607-2535-pool/489-P7385-P5175_L001_ds.8b9f250d2a214059b1ac1412ee372b2f/489_S33_L001_R2_001.fastq.gz
sample_490	rep1	lane1	/blue/peter/share/MeJA_time_course/iseq_trial2/iSeq-NS2176-BPG61607-2535-pool/490-P7192-P5173_L001_ds.6cffab8ef17f4d12a86d408fe5ca5e95/490_S34_L001_R1_001.fastq.gz	/blue/peter/share/MeJA_time_course/iseq_trial2/iSeq-NS2176-BPG61607-2535-pool/490-P7192-P5173_L001_ds.6cffab8ef17f4d12a86d408fe5ca5e95/490_S34_L001_R2_001.fastq.gz
sample_491	rep1	lane1	/blue/peter/share/MeJA_time_course/iseq_trial2/iSeq-NS2176-BPG61607-2535-pool/491-P7191-P5172_L001_ds.86f485efbce74d93aa020dde1b01c9fb/491_S35_L001_R1_001.fastq.gz	/blue/peter/share/MeJA_time_course/iseq_trial2/iSeq-NS2176-BPG61607-2535-pool/491-P7191-P5172_L001_ds.86f485efbce74d93aa020dde1b01c9fb/491_S35_L001_R2_001.fastq.gz
sample_492	rep1	lane1	/blue/peter/share/MeJA_time_course/iseq_trial2/iSeq-NS2176-BPG61607-2535-pool/492-P7190-P5171_L001_ds.103a1bcaf0774f7e929048025a47235c/492_S36_L001_R1_001.fastq.gz	/blue/peter/share/MeJA_time_course/iseq_trial2/iSeq-NS2176-BPG61607-2535-pool/492-P7190-P5171_L001_ds.103a1bcaf0774f7e929048025a47235c/492_S36_L001_R2_001.fastq.gz
sample_509	rep1	lane1	/blue/peter/share/MeJA_time_course/iseq_trial2/iSeq-NS2176-BPG61607-2535-pool/509-P7188-P5168_L001_ds.d63277694f224b279a8603506a76ad1a/509_S37_L001_R1_001.fastq.gz	/blue/peter/share/MeJA_time_course/iseq_trial2/iSeq-NS2176-BPG61607-2535-pool/509-P7188-P5168_L001_ds.d63277694f224b279a8603506a76ad1a/509_S37_L001_R2_001.fastq.gz
sample_510	rep1	lane1	/blue/peter/share/MeJA_time_course/iseq_trial2/iSeq-NS2176-BPG61607-2535-pool/510-P7187-P5167_L001_ds.1e52985e16614f28a2edeef27e5eaa3a/510_S38_L001_R1_001.fastq.gz	/blue/peter/share/MeJA_time_course/iseq_trial2/iSeq-NS2176-BPG61607-2535-pool/510-P7187-P5167_L001_ds.1e52985e16614f28a2edeef27e5eaa3a/510_S38_L001_R2_001.fastq.gz
sample_511	rep1	lane1	/blue/peter/share/MeJA_time_course/iseq_trial2/iSeq-NS2176-BPG61607-2535-pool/511-P7116-P5132_L001_ds.58862a8067bd4e0f8debbc0bc5dd635c/511_S39_L001_R1_001.fastq.gz	/blue/peter/share/MeJA_time_course/iseq_trial2/iSeq-NS2176-BPG61607-2535-pool/511-P7116-P5132_L001_ds.58862a8067bd4e0f8debbc0bc5dd635c/511_S39_L001_R2_001.fastq.gz
sample_512	rep1	lane1	/blue/peter/share/MeJA_time_course/iseq_trial2/iSeq-NS2176-BPG61607-2535-pool/512-P7101-P5115_L001_ds.171995db6d9346869aa62535ec96a625/512_S40_L001_R1_001.fastq.gz	/blue/peter/share/MeJA_time_course/iseq_trial2/iSeq-NS2176-BPG61607-2535-pool/512-P7101-P5115_L001_ds.171995db6d9346869aa62535ec96a625/512_S40_L001_R2_001.fastq.gz
sample_M10	rep1	lane1	/blue/peter/share/MeJA_time_course/iseq_trial2/iSeq-NS2176-BPG61607-2535-pool/M10-S708-S521_L001_ds.9c6c94a56f8446bcb7ddfe3e36e8abf5/M10_S49_L001_R1_001.fastq.gz	/blue/peter/share/MeJA_time_course/iseq_trial2/iSeq-NS2176-BPG61607-2535-pool/M10-S708-S521_L001_ds.9c6c94a56f8446bcb7ddfe3e36e8abf5/M10_S49_L001_R2_001.fastq.gz
sample_M11	rep1	lane1	/blue/peter/share/MeJA_time_course/iseq_trial2/iSeq-NS2176-BPG61607-2535-pool/M11-S716-S559_L001_ds.14926d8fd3af4b83b1d4074b5c09c4ba/M11_S50_L001_R1_001.fastq.gz	/blue/peter/share/MeJA_time_course/iseq_trial2/iSeq-NS2176-BPG61607-2535-pool/M11-S716-S559_L001_ds.14926d8fd3af4b83b1d4074b5c09c4ba/M11_S50_L001_R2_001.fastq.gz
sample_M12	rep1	lane1	/blue/peter/share/MeJA_time_course/iseq_trial2/iSeq-NS2176-BPG61607-2535-pool/M12-S760-S511_L001_ds.7355a8aab61c460ba12802d0f2770dea/M12_S51_L001_R1_001.fastq.gz	/blue/peter/share/MeJA_time_course/iseq_trial2/iSeq-NS2176-BPG61607-2535-pool/M12-S760-S511_L001_ds.7355a8aab61c460ba12802d0f2770dea/M12_S51_L001_R2_001.fastq.gz
sample_M13	rep1	lane1	/blue/peter/share/MeJA_time_course/iseq_trial2/iSeq-NS2176-BPG61607-2535-pool/M13-S755-S566_L001_ds.b79525ff6fa04f829b0fc8812fe62318/M13_S52_L001_R1_001.fastq.gz	/blue/peter/share/MeJA_time_course/iseq_trial2/iSeq-NS2176-BPG61607-2535-pool/M13-S755-S566_L001_ds.b79525ff6fa04f829b0fc8812fe62318/M13_S52_L001_R2_001.fastq.gz
sample_M14	rep1	lane1	/blue/peter/share/MeJA_time_course/iseq_trial2/iSeq-NS2176-BPG61607-2535-pool/M14-S725-S538_L001_ds.0bfaafb8f0c2422da73f683cf8fe8247/M14_S53_L001_R1_001.fastq.gz	/blue/peter/share/MeJA_time_course/iseq_trial2/iSeq-NS2176-BPG61607-2535-pool/M14-S725-S538_L001_ds.0bfaafb8f0c2422da73f683cf8fe8247/M14_S53_L001_R2_001.fastq.gz
sample_M15	rep1	lane1	/blue/peter/share/MeJA_time_course/iseq_trial2/iSeq-NS2176-BPG61607-2535-pool/M15-S772-S567_L001_ds.44d6bef0f50f459cb2fe2ac2ddf06c96/M15_S54_L001_R1_001.fastq.gz	/blue/peter/share/MeJA_time_course/iseq_trial2/iSeq-NS2176-BPG61607-2535-pool/M15-S772-S567_L001_ds.44d6bef0f50f459cb2fe2ac2ddf06c96/M15_S54_L001_R2_001.fastq.gz
sample_M16	rep1	lane1	/blue/peter/share/MeJA_time_course/iseq_trial2/iSeq-NS2176-BPG61607-2535-pool/M16-S777-S526_L001_ds.7d758017bf874de4adc39e589f807f03/M16_S55_L001_R1_001.fastq.gz	/blue/peter/share/MeJA_time_course/iseq_trial2/iSeq-NS2176-BPG61607-2535-pool/M16-S777-S526_L001_ds.7d758017bf874de4adc39e589f807f03/M16_S55_L001_R2_001.fastq.gz
sample_M17	rep1	lane1	/blue/peter/share/MeJA_time_course/iseq_trial2/iSeq-NS2176-BPG61607-2535-pool/M17-S729-S591_L001_ds.40b1620debdf46a79fad3832cf0dad1b/M17_S56_L001_R1_001.fastq.gz	/blue/peter/share/MeJA_time_course/iseq_trial2/iSeq-NS2176-BPG61607-2535-pool/M17-S729-S591_L001_ds.40b1620debdf46a79fad3832cf0dad1b/M17_S56_L001_R2_001.fastq.gz
sample_M18	rep1	lane1	/blue/peter/share/MeJA_time_course/iseq_trial2/iSeq-NS2176-BPG61607-2535-pool/M18-S734-S592_L001_ds.ac89056d7721425b873e6df61c3e40b7/M18_S57_L001_R1_001.fastq.gz	/blue/peter/share/MeJA_time_course/iseq_trial2/iSeq-NS2176-BPG61607-2535-pool/M18-S734-S592_L001_ds.ac89056d7721425b873e6df61c3e40b7/M18_S57_L001_R2_001.fastq.gz
sample_M19	rep1	lane1	/blue/peter/share/MeJA_time_course/iseq_trial2/iSeq-NS2176-BPG61607-2535-pool/M19-S770-S540_L001_ds.75b54d0dbd7d44cda29df685a725c301/M19_S58_L001_R1_001.fastq.gz	/blue/peter/share/MeJA_time_course/iseq_trial2/iSeq-NS2176-BPG61607-2535-pool/M19-S770-S540_L001_ds.75b54d0dbd7d44cda29df685a725c301/M19_S58_L001_R2_001.fastq.gz
sample_M1	rep1	lane1	/blue/peter/share/MeJA_time_course/iseq_trial2/iSeq-NS2176-BPG61607-2535-pool/M1-P7139-P5160_L001_ds.68fd5b03ef4b40bab9d703809e0136ec/M1_S41_L001_R1_001.fastq.gz	/blue/peter/share/MeJA_time_course/iseq_trial2/iSeq-NS2176-BPG61607-2535-pool/M1-P7139-P5160_L001_ds.68fd5b03ef4b40bab9d703809e0136ec/M1_S41_L001_R2_001.fastq.gz
sample_M20	rep1	lane1	/blue/peter/share/MeJA_time_course/iseq_trial2/iSeq-NS2176-BPG61607-2535-pool/M20-S710-S581_L001_ds.6deeb605ccbf4f2e94807055f11e323c/M20_S59_L001_R1_001.fastq.gz	/blue/peter/share/MeJA_time_course/iseq_trial2/iSeq-NS2176-BPG61607-2535-pool/M20-S710-S581_L001_ds.6deeb605ccbf4f2e94807055f11e323c/M20_S59_L001_R2_001.fastq.gz
sample_M21	rep1	lane1	/blue/peter/share/MeJA_time_course/iseq_trial2/iSeq-NS2176-BPG61607-2535-pool/M21-S722-S578_L001_ds.f29e5b06486c4a15b6af9b09d51baba8/M21_S60_L001_R1_001.fastq.gz	/blue/peter/share/MeJA_time_course/iseq_trial2/iSeq-NS2176-BPG61607-2535-pool/M21-S722-S578_L001_ds.f29e5b06486c4a15b6af9b09d51baba8/M21_S60_L001_R2_001.fastq.gz
sample_M22	rep1	lane1	/blue/peter/share/MeJA_time_course/iseq_trial2/iSeq-NS2176-BPG61607-2535-pool/M22-S783-S546_L001_ds.06d787e82a194e4ea0c47e3cf25c5240/M22_S61_L001_R1_001.fastq.gz	/blue/peter/share/MeJA_time_course/iseq_trial2/iSeq-NS2176-BPG61607-2535-pool/M22-S783-S546_L001_ds.06d787e82a194e4ea0c47e3cf25c5240/M22_S61_L001_R2_001.fastq.gz
sample_M23	rep1	lane1	/blue/peter/share/MeJA_time_course/iseq_trial2/iSeq-NS2176-BPG61607-2535-pool/M23-S757-S545_L001_ds.c094633d84ad48efa7d69eb90f28e087/M23_S62_L001_R1_001.fastq.gz	/blue/peter/share/MeJA_time_course/iseq_trial2/iSeq-NS2176-BPG61607-2535-pool/M23-S757-S545_L001_ds.c094633d84ad48efa7d69eb90f28e087/M23_S62_L001_R2_001.fastq.gz
sample_M24	rep1	lane1	/blue/peter/share/MeJA_time_course/iseq_trial2/iSeq-NS2176-BPG61607-2535-pool/M24-S796-S507_L001_ds.6cc0b87629084db48e4e5af670262acb/M24_S63_L001_R1_001.fastq.gz	/blue/peter/share/MeJA_time_course/iseq_trial2/iSeq-NS2176-BPG61607-2535-pool/M24-S796-S507_L001_ds.6cc0b87629084db48e4e5af670262acb/M24_S63_L001_R2_001.fastq.gz
sample_M25	rep1	lane1	/blue/peter/share/MeJA_time_course/iseq_trial2/iSeq-NS2176-BPG61607-2535-pool/M25-S702-S523_L001_ds.0445e78ccdc54b45aa1780e87709772e/M25_S64_L001_R1_001.fastq.gz	/blue/peter/share/MeJA_time_course/iseq_trial2/iSeq-NS2176-BPG61607-2535-pool/M25-S702-S523_L001_ds.0445e78ccdc54b45aa1780e87709772e/M25_S64_L001_R2_001.fastq.gz
sample_M26	rep1	lane1	/blue/peter/share/MeJA_time_course/iseq_trial2/iSeq-NS2176-BPG61607-2535-pool/M26-P7118-P5131_L001_ds.a92b45a9231d41489da38b2300e8941c/M26_S65_L001_R1_001.fastq.gz	/blue/peter/share/MeJA_time_course/iseq_trial2/iSeq-NS2176-BPG61607-2535-pool/M26-P7118-P5131_L001_ds.a92b45a9231d41489da38b2300e8941c/M26_S65_L001_R2_001.fastq.gz
sample_M27	rep1	lane1	/blue/peter/share/MeJA_time_course/iseq_trial2/iSeq-NS2176-BPG61607-2535-pool/M27-S749-S565_L001_ds.296a571e948d4a269d7e1ffc85970665/M27_S66_L001_R1_001.fastq.gz	/blue/peter/share/MeJA_time_course/iseq_trial2/iSeq-NS2176-BPG61607-2535-pool/M27-S749-S565_L001_ds.296a571e948d4a269d7e1ffc85970665/M27_S66_L001_R2_001.fastq.gz
sample_M28	rep1	lane1	/blue/peter/share/MeJA_time_course/iseq_trial2/iSeq-NS2176-BPG61607-2535-pool/M28-S795-S517_L001_ds.054ff25f258c4c9cba8a0878ca325cd5/M28_S67_L001_R1_001.fastq.gz	/blue/peter/share/MeJA_time_course/iseq_trial2/iSeq-NS2176-BPG61607-2535-pool/M28-S795-S517_L001_ds.054ff25f258c4c9cba8a0878ca325cd5/M28_S67_L001_R2_001.fastq.gz
sample_M29	rep1	lane1	/blue/peter/share/MeJA_time_course/iseq_trial2/iSeq-NS2176-BPG61607-2535-pool/M29-S742-S551_L001_ds.211e2d0bd0d94be89dffbdde72cf80ee/M29_S68_L001_R1_001.fastq.gz	/blue/peter/share/MeJA_time_course/iseq_trial2/iSeq-NS2176-BPG61607-2535-pool/M29-S742-S551_L001_ds.211e2d0bd0d94be89dffbdde72cf80ee/M29_S68_L001_R2_001.fastq.gz
sample_M2	rep1	lane1	/blue/peter/share/MeJA_time_course/iseq_trial2/iSeq-NS2176-BPG61607-2535-pool/M2-S747-S524_L001_ds.a3434e5438874f4eb992d95ad1866cd8/M2_S42_L001_R1_001.fastq.gz	/blue/peter/share/MeJA_time_course/iseq_trial2/iSeq-NS2176-BPG61607-2535-pool/M2-S747-S524_L001_ds.a3434e5438874f4eb992d95ad1866cd8/M2_S42_L001_R2_001.fastq.gz
sample_M30	rep1	lane1	/blue/peter/share/MeJA_time_course/iseq_trial2/iSeq-NS2176-BPG61607-2535-pool/M30-S727-S598_L001_ds.25f2b7d1b58a4544908eb311591ea632/M30_S69_L001_R1_001.fastq.gz	/blue/peter/share/MeJA_time_course/iseq_trial2/iSeq-NS2176-BPG61607-2535-pool/M30-S727-S598_L001_ds.25f2b7d1b58a4544908eb311591ea632/M30_S69_L001_R2_001.fastq.gz
sample_M31	rep1	lane1	/blue/peter/share/MeJA_time_course/iseq_trial2/iSeq-NS2176-BPG61607-2535-pool/M31-P7105-P5114_L001_ds.e550753a0e6e4eafa6d37d07ccdbb542/M31_S70_L001_R1_001.fastq.gz	/blue/peter/share/MeJA_time_course/iseq_trial2/iSeq-NS2176-BPG61607-2535-pool/M31-P7105-P5114_L001_ds.e550753a0e6e4eafa6d37d07ccdbb542/M31_S70_L001_R2_001.fastq.gz
sample_M32	rep1	lane1	/blue/peter/share/MeJA_time_course/iseq_trial2/iSeq-NS2176-BPG61607-2535-pool/M32-S797-S501_L001_ds.a70794aca838452a9287c7a8dd91b2f7/M32_S71_L001_R1_001.fastq.gz	/blue/peter/share/MeJA_time_course/iseq_trial2/iSeq-NS2176-BPG61607-2535-pool/M32-S797-S501_L001_ds.a70794aca838452a9287c7a8dd91b2f7/M32_S71_L001_R2_001.fastq.gz
sample_M33	rep1	lane1	/blue/peter/share/MeJA_time_course/iseq_trial2/iSeq-NS2176-BPG61607-2535-pool/M33-S763-S505_L001_ds.6dd7cd5f2a8c4b2fb0b85d7660a263a9/M33_S72_L001_R1_001.fastq.gz	/blue/peter/share/MeJA_time_course/iseq_trial2/iSeq-NS2176-BPG61607-2535-pool/M33-S763-S505_L001_ds.6dd7cd5f2a8c4b2fb0b85d7660a263a9/M33_S72_L001_R2_001.fastq.gz
sample_M34	rep1	lane1	/blue/peter/share/MeJA_time_course/iseq_trial2/iSeq-NS2176-BPG61607-2535-pool/M34-P7119-P5152_L001_ds.c5237babb7164b0691916bdbb6bda715/M34_S73_L001_R1_001.fastq.gz	/blue/peter/share/MeJA_time_course/iseq_trial2/iSeq-NS2176-BPG61607-2535-pool/M34-P7119-P5152_L001_ds.c5237babb7164b0691916bdbb6bda715/M34_S73_L001_R2_001.fastq.gz
sample_M35	rep1	lane1	/blue/peter/share/MeJA_time_course/iseq_trial2/iSeq-NS2176-BPG61607-2535-pool/M35-P7117-P5146_L001_ds.914be25702cb437081545564d9caaa9e/M35_S74_L001_R1_001.fastq.gz	/blue/peter/share/MeJA_time_course/iseq_trial2/iSeq-NS2176-BPG61607-2535-pool/M35-P7117-P5146_L001_ds.914be25702cb437081545564d9caaa9e/M35_S74_L001_R2_001.fastq.gz
sample_M36	rep1	lane1	/blue/peter/share/MeJA_time_course/iseq_trial2/iSeq-NS2176-BPG61607-2535-pool/M36-P7111-P5143_L001_ds.9bc60334867246a88023a1fb37ad2c97/M36_S75_L001_R1_001.fastq.gz	/blue/peter/share/MeJA_time_course/iseq_trial2/iSeq-NS2176-BPG61607-2535-pool/M36-P7111-P5143_L001_ds.9bc60334867246a88023a1fb37ad2c97/M36_S75_L001_R2_001.fastq.gz
sample_M37	rep1	lane1	/blue/peter/share/MeJA_time_course/iseq_trial2/iSeq-NS2176-BPG61607-2535-pool/M37-P7109-P5142_L001_ds.7edfc25e1e694d9aa3f2be90c978caf2/M37_S76_L001_R1_001.fastq.gz	/blue/peter/share/MeJA_time_course/iseq_trial2/iSeq-NS2176-BPG61607-2535-pool/M37-P7109-P5142_L001_ds.7edfc25e1e694d9aa3f2be90c978caf2/M37_S76_L001_R2_001.fastq.gz
sample_M38	rep1	lane1	/blue/peter/share/MeJA_time_course/iseq_trial2/iSeq-NS2176-BPG61607-2535-pool/M38-P7108-P5141_L001_ds.a9567a3ab82f4ec381cbda5bc6878fc7/M38_S77_L001_R1_001.fastq.gz	/blue/peter/share/MeJA_time_course/iseq_trial2/iSeq-NS2176-BPG61607-2535-pool/M38-P7108-P5141_L001_ds.a9567a3ab82f4ec381cbda5bc6878fc7/M38_S77_L001_R2_001.fastq.gz
sample_M39	rep1	lane1	/blue/peter/share/MeJA_time_course/iseq_trial2/iSeq-NS2176-BPG61607-2535-pool/M39-P7107-P5133_L001_ds.595614227a324931b45fbe45fd07cf1e/M39_S78_L001_R1_001.fastq.gz	/blue/peter/share/MeJA_time_course/iseq_trial2/iSeq-NS2176-BPG61607-2535-pool/M39-P7107-P5133_L001_ds.595614227a324931b45fbe45fd07cf1e/M39_S78_L001_R2_001.fastq.gz
sample_M3	rep1	lane1	/blue/peter/share/MeJA_time_course/iseq_trial2/iSeq-NS2176-BPG61607-2535-pool/M3-S774-S506_L001_ds.9d1249ccf2f0458ebb469df83698f692/M3_S43_L001_R1_001.fastq.gz	/blue/peter/share/MeJA_time_course/iseq_trial2/iSeq-NS2176-BPG61607-2535-pool/M3-S774-S506_L001_ds.9d1249ccf2f0458ebb469df83698f692/M3_S43_L001_R2_001.fastq.gz
sample_M40	rep1	lane1	/blue/peter/share/MeJA_time_course/iseq_trial2/iSeq-NS2176-BPG61607-2535-pool/M40-P7121-P5130_L001_ds.35b9dafda8934c09bb9a5378a4545206/M40_S79_L001_R1_001.fastq.gz	/blue/peter/share/MeJA_time_course/iseq_trial2/iSeq-NS2176-BPG61607-2535-pool/M40-P7121-P5130_L001_ds.35b9dafda8934c09bb9a5378a4545206/M40_S79_L001_R2_001.fastq.gz
sample_M41	rep1	lane1	/blue/peter/share/MeJA_time_course/iseq_trial2/iSeq-NS2176-BPG61607-2535-pool/M41-P7106-P5113_L001_ds.0db71b00f4e145508265e5b850efc63f/M41_S80_L001_R1_001.fastq.gz	/blue/peter/share/MeJA_time_course/iseq_trial2/iSeq-NS2176-BPG61607-2535-pool/M41-P7106-P5113_L001_ds.0db71b00f4e145508265e5b850efc63f/M41_S80_L001_R2_001.fastq.gz
sample_M42	rep1	lane1	/blue/peter/share/MeJA_time_course/iseq_trial2/iSeq-NS2176-BPG61607-2535-pool/M42-S761-S533_L001_ds.c90678d880414eaba0ac7f342b74193c/M42_S81_L001_R1_001.fastq.gz	/blue/peter/share/MeJA_time_course/iseq_trial2/iSeq-NS2176-BPG61607-2535-pool/M42-S761-S533_L001_ds.c90678d880414eaba0ac7f342b74193c/M42_S81_L001_R2_001.fastq.gz
sample_M43	rep1	lane1	/blue/peter/share/MeJA_time_course/iseq_trial2/iSeq-NS2176-BPG61607-2535-pool/M43-S780-S530_L001_ds.eb017e5577db492498158382f645c731/M43_S82_L001_R1_001.fastq.gz	/blue/peter/share/MeJA_time_course/iseq_trial2/iSeq-NS2176-BPG61607-2535-pool/M43-S780-S530_L001_ds.eb017e5577db492498158382f645c731/M43_S82_L001_R2_001.fastq.gz
sample_M44	rep1	lane1	/blue/peter/share/MeJA_time_course/iseq_trial2/iSeq-NS2176-BPG61607-2535-pool/M44-P7138-P5159_L001_ds.88dcbfa1aa394dc7a43c15c5028aeb0d/M44_S83_L001_R1_001.fastq.gz	/blue/peter/share/MeJA_time_course/iseq_trial2/iSeq-NS2176-BPG61607-2535-pool/M44-P7138-P5159_L001_ds.88dcbfa1aa394dc7a43c15c5028aeb0d/M44_S83_L001_R2_001.fastq.gz
sample_M45	rep1	lane1	/blue/peter/share/MeJA_time_course/iseq_trial2/iSeq-NS2176-BPG61607-2535-pool/M45-P7137-P5158_L001_ds.85d9ee1117a24694aaaa9e4fc62c64bb/M45_S84_L001_R1_001.fastq.gz	/blue/peter/share/MeJA_time_course/iseq_trial2/iSeq-NS2176-BPG61607-2535-pool/M45-P7137-P5158_L001_ds.85d9ee1117a24694aaaa9e4fc62c64bb/M45_S84_L001_R2_001.fastq.gz
sample_M47	rep1	lane1	/blue/peter/share/MeJA_time_course/iseq_trial2/iSeq-NS2176-BPG61607-2535-pool/M47-S739-S503_L001_ds.c32469d3e6894bffa7f8c5f3b8727504/M47_S85_L001_R1_001.fastq.gz	/blue/peter/share/MeJA_time_course/iseq_trial2/iSeq-NS2176-BPG61607-2535-pool/M47-S739-S503_L001_ds.c32469d3e6894bffa7f8c5f3b8727504/M47_S85_L001_R2_001.fastq.gz
sample_M48	rep1	lane1	/blue/peter/share/MeJA_time_course/iseq_trial2/iSeq-NS2176-BPG61607-2535-pool/M48-S788-S587_L001_ds.d46dfb9f522342f9bbaf1f3d7336803a/M48_S86_L001_R1_001.fastq.gz	/blue/peter/share/MeJA_time_course/iseq_trial2/iSeq-NS2176-BPG61607-2535-pool/M48-S788-S587_L001_ds.d46dfb9f522342f9bbaf1f3d7336803a/M48_S86_L001_R2_001.fastq.gz
sample_M49	rep1	lane1	/blue/peter/share/MeJA_time_course/iseq_trial2/iSeq-NS2176-BPG61607-2535-pool/M49-S779-S589_L001_ds.cf587645136e4db799d59e308f781e2a/M49_S87_L001_R1_001.fastq.gz	/blue/peter/share/MeJA_time_course/iseq_trial2/iSeq-NS2176-BPG61607-2535-pool/M49-S779-S589_L001_ds.cf587645136e4db799d59e308f781e2a/M49_S87_L001_R2_001.fastq.gz
sample_M50	rep1	lane1	/blue/peter/share/MeJA_time_course/iseq_trial2/iSeq-NS2176-BPG61607-2535-pool/M50-P7129-P5157_L001_ds.fb8ca7add43e4d0185b582cefd61f986/M50_S88_L001_R1_001.fastq.gz	/blue/peter/share/MeJA_time_course/iseq_trial2/iSeq-NS2176-BPG61607-2535-pool/M50-P7129-P5157_L001_ds.fb8ca7add43e4d0185b582cefd61f986/M50_S88_L001_R2_001.fastq.gz
sample_M51	rep1	lane1	/blue/peter/share/MeJA_time_course/iseq_trial2/iSeq-NS2176-BPG61607-2535-pool/M51-S790-S594_L001_ds.810f5040c29b460c9a1d12298abaf369/M51_S89_L001_R1_001.fastq.gz	/blue/peter/share/MeJA_time_course/iseq_trial2/iSeq-NS2176-BPG61607-2535-pool/M51-S790-S594_L001_ds.810f5040c29b460c9a1d12298abaf369/M51_S89_L001_R2_001.fastq.gz
sample_M52	rep1	lane1	/blue/peter/share/MeJA_time_course/iseq_trial2/iSeq-NS2176-BPG61607-2535-pool/M52-S724-S547_L001_ds.96628b271b4a450688f17f3a6074837c/M52_S90_L001_R1_001.fastq.gz	/blue/peter/share/MeJA_time_course/iseq_trial2/iSeq-NS2176-BPG61607-2535-pool/M52-S724-S547_L001_ds.96628b271b4a450688f17f3a6074837c/M52_S90_L001_R2_001.fastq.gz
sample_M53	rep1	lane1	/blue/peter/share/MeJA_time_course/iseq_trial2/iSeq-NS2176-BPG61607-2535-pool/M53-S706-S574_L001_ds.37864a3dd79c4a6d8be086846f2ca51b/M53_S91_L001_R1_001.fastq.gz	/blue/peter/share/MeJA_time_course/iseq_trial2/iSeq-NS2176-BPG61607-2535-pool/M53-S706-S574_L001_ds.37864a3dd79c4a6d8be086846f2ca51b/M53_S91_L001_R2_001.fastq.gz
sample_M54	rep1	lane1	/blue/peter/share/MeJA_time_course/iseq_trial2/iSeq-NS2176-BPG61607-2535-pool/M54-S750-S532_L001_ds.5063e74426924e08aca5507ba714546b/M54_S92_L001_R1_001.fastq.gz	/blue/peter/share/MeJA_time_course/iseq_trial2/iSeq-NS2176-BPG61607-2535-pool/M54-S750-S532_L001_ds.5063e74426924e08aca5507ba714546b/M54_S92_L001_R2_001.fastq.gz
sample_M55	rep1	lane1	/blue/peter/share/MeJA_time_course/iseq_trial2/iSeq-NS2176-BPG61607-2535-pool/M55-S775-S509_L001_ds.ca642e6c1cdc4c57946b075246ec0d21/M55_S93_L001_R1_001.fastq.gz	/blue/peter/share/MeJA_time_course/iseq_trial2/iSeq-NS2176-BPG61607-2535-pool/M55-S775-S509_L001_ds.ca642e6c1cdc4c57946b075246ec0d21/M55_S93_L001_R2_001.fastq.gz
sample_M56	rep1	lane1	/blue/peter/share/MeJA_time_course/iseq_trial2/iSeq-NS2176-BPG61607-2535-pool/M56-S743-S536_L001_ds.006d944c8e55481c9b1a2ad87ef6fa40/M56_S94_L001_R1_001.fastq.gz	/blue/peter/share/MeJA_time_course/iseq_trial2/iSeq-NS2176-BPG61607-2535-pool/M56-S743-S536_L001_ds.006d944c8e55481c9b1a2ad87ef6fa40/M56_S94_L001_R2_001.fastq.gz
sample_M57	rep1	lane1	/blue/peter/share/MeJA_time_course/iseq_trial2/iSeq-NS2176-BPG61607-2535-pool/M57-S786-S513_L001_ds.8dbaeb73689541fabfc4c026daef46d2/M57_S95_L001_R1_001.fastq.gz	/blue/peter/share/MeJA_time_course/iseq_trial2/iSeq-NS2176-BPG61607-2535-pool/M57-S786-S513_L001_ds.8dbaeb73689541fabfc4c026daef46d2/M57_S95_L001_R2_001.fastq.gz
sample_M58	rep1	lane1	/blue/peter/share/MeJA_time_course/iseq_trial2/iSeq-NS2176-BPG61607-2535-pool/M58-P7125-P5155_L001_ds.ab0628f436e14c42ad6db251908b4fb2/M58_S96_L001_R1_001.fastq.gz	/blue/peter/share/MeJA_time_course/iseq_trial2/iSeq-NS2176-BPG61607-2535-pool/M58-P7125-P5155_L001_ds.ab0628f436e14c42ad6db251908b4fb2/M58_S96_L001_R2_001.fastq.gz
sample_M59	rep1	lane1	/blue/peter/share/MeJA_time_course/iseq_trial2/iSeq-NS2176-BPG61607-2535-pool/M59-P7124-P5154_L001_ds.e39d62cf7afb43edbc4ed8dd401b3350/M59_S97_L001_R1_001.fastq.gz	/blue/peter/share/MeJA_time_course/iseq_trial2/iSeq-NS2176-BPG61607-2535-pool/M59-P7124-P5154_L001_ds.e39d62cf7afb43edbc4ed8dd401b3350/M59_S97_L001_R2_001.fastq.gz
sample_M5	rep1	lane1	/blue/peter/share/MeJA_time_course/iseq_trial2/iSeq-NS2176-BPG61607-2535-pool/M5-S732-S550_L001_ds.031286d0ede84a379aa477bf0e9e6dee/M5_S44_L001_R1_001.fastq.gz	/blue/peter/share/MeJA_time_course/iseq_trial2/iSeq-NS2176-BPG61607-2535-pool/M5-S732-S550_L001_ds.031286d0ede84a379aa477bf0e9e6dee/M5_S44_L001_R2_001.fastq.gz
sample_M60	rep1	lane1	/blue/peter/share/MeJA_time_course/iseq_trial2/iSeq-NS2176-BPG61607-2535-pool/M60-S759-S516_L001_ds.78a6f6a456b142dc91d4c2e55fc1b988/M60_S98_L001_R1_001.fastq.gz	/blue/peter/share/MeJA_time_course/iseq_trial2/iSeq-NS2176-BPG61607-2535-pool/M60-S759-S516_L001_ds.78a6f6a456b142dc91d4c2e55fc1b988/M60_S98_L001_R2_001.fastq.gz
sample_M61	rep1	lane1	/blue/peter/share/MeJA_time_course/iseq_trial2/iSeq-NS2176-BPG61607-2535-pool/M61-S711-S560_L001_ds.3417aed43a114eb5a422651ec203b10a/M61_S99_L001_R1_001.fastq.gz	/blue/peter/share/MeJA_time_course/iseq_trial2/iSeq-NS2176-BPG61607-2535-pool/M61-S711-S560_L001_ds.3417aed43a114eb5a422651ec203b10a/M61_S99_L001_R2_001.fastq.gz
sample_M62	rep1	lane1	/blue/peter/share/MeJA_time_course/iseq_trial2/iSeq-NS2176-BPG61607-2535-pool/M62-S766-S555_L001_ds.7e5ade5a00c84c10bea2f8f07a30a01d/M62_S100_L001_R1_001.fastq.gz	/blue/peter/share/MeJA_time_course/iseq_trial2/iSeq-NS2176-BPG61607-2535-pool/M62-S766-S555_L001_ds.7e5ade5a00c84c10bea2f8f07a30a01d/M62_S100_L001_R2_001.fastq.gz
sample_M64	rep1	lane1	/blue/peter/share/MeJA_time_course/iseq_trial2/iSeq-NS2176-BPG61607-2535-pool/M64-S738-S525_L001_ds.861cdcf44f4840e1b0de91b83fc1b8e9/M64_S101_L001_R1_001.fastq.gz	/blue/peter/share/MeJA_time_course/iseq_trial2/iSeq-NS2176-BPG61607-2535-pool/M64-S738-S525_L001_ds.861cdcf44f4840e1b0de91b83fc1b8e9/M64_S101_L001_R2_001.fastq.gz
sample_M66	rep1	lane1	/blue/peter/share/MeJA_time_course/iseq_trial2/iSeq-NS2176-BPG61607-2535-pool/M66-S767-S572_L001_ds.f51527e7d4b14f3f9271648662d77469/M66_S102_L001_R1_001.fastq.gz	/blue/peter/share/MeJA_time_course/iseq_trial2/iSeq-NS2176-BPG61607-2535-pool/M66-S767-S572_L001_ds.f51527e7d4b14f3f9271648662d77469/M66_S102_L001_R2_001.fastq.gz
sample_M67	rep1	lane1	/blue/peter/share/MeJA_time_course/iseq_trial2/iSeq-NS2176-BPG61607-2535-pool/M67-S726-S577_L001_ds.5a8e66f5bb2c44b3b3634800dffc655d/M67_S103_L001_R1_001.fastq.gz	/blue/peter/share/MeJA_time_course/iseq_trial2/iSeq-NS2176-BPG61607-2535-pool/M67-S726-S577_L001_ds.5a8e66f5bb2c44b3b3634800dffc655d/M67_S103_L001_R2_001.fastq.gz
sample_M68	rep1	lane1	/blue/peter/share/MeJA_time_course/iseq_trial2/iSeq-NS2176-BPG61607-2535-pool/M68-S791-S529_L001_ds.4ae3bec21004446d949548fc9ecaed60/M68_S104_L001_R1_001.fastq.gz	/blue/peter/share/MeJA_time_course/iseq_trial2/iSeq-NS2176-BPG61607-2535-pool/M68-S791-S529_L001_ds.4ae3bec21004446d949548fc9ecaed60/M68_S104_L001_R2_001.fastq.gz
sample_M69	rep1	lane1	/blue/peter/share/MeJA_time_course/iseq_trial2/iSeq-NS2176-BPG61607-2535-pool/M69-S740-S570_L001_ds.acfaf5d3aa8345b39a1bd3ef4baf1b77/M69_S105_L001_R1_001.fastq.gz	/blue/peter/share/MeJA_time_course/iseq_trial2/iSeq-NS2176-BPG61607-2535-pool/M69-S740-S570_L001_ds.acfaf5d3aa8345b39a1bd3ef4baf1b77/M69_S105_L001_R2_001.fastq.gz
sample_M6	rep1	lane1	/blue/peter/share/MeJA_time_course/iseq_trial2/iSeq-NS2176-BPG61607-2535-pool/M6-S709-S575_L001_ds.d43c221488d346af9ecbe44fc1c8f9f7/M6_S45_L001_R1_001.fastq.gz	/blue/peter/share/MeJA_time_course/iseq_trial2/iSeq-NS2176-BPG61607-2535-pool/M6-S709-S575_L001_ds.d43c221488d346af9ecbe44fc1c8f9f7/M6_S45_L001_R2_001.fastq.gz
sample_M70	rep1	lane1	/blue/peter/share/MeJA_time_course/iseq_trial2/iSeq-NS2176-BPG61607-2535-pool/M70-S781-S510_L001_ds.e6a709ccadaa48bfb7cc6f3f5d466702/M70_S106_L001_R1_001.fastq.gz	/blue/peter/share/MeJA_time_course/iseq_trial2/iSeq-NS2176-BPG61607-2535-pool/M70-S781-S510_L001_ds.e6a709ccadaa48bfb7cc6f3f5d466702/M70_S106_L001_R2_001.fastq.gz
sample_M71	rep1	lane1	/blue/peter/share/MeJA_time_course/iseq_trial2/iSeq-NS2176-BPG61607-2535-pool/M71-S778-S522_L001_ds.42bf5375b48e4d848b0baf207ba49775/M71_S107_L001_R1_001.fastq.gz	/blue/peter/share/MeJA_time_course/iseq_trial2/iSeq-NS2176-BPG61607-2535-pool/M71-S778-S522_L001_ds.42bf5375b48e4d848b0baf207ba49775/M71_S107_L001_R2_001.fastq.gz
sample_M73	rep1	lane1	/blue/peter/share/MeJA_time_course/iseq_trial2/iSeq-NS2176-BPG61607-2535-pool/M73-S746-S583_L001_ds.ee68a166ca7345fb8cf030238ad1c044/M73_S108_L001_R1_001.fastq.gz	/blue/peter/share/MeJA_time_course/iseq_trial2/iSeq-NS2176-BPG61607-2535-pool/M73-S746-S583_L001_ds.ee68a166ca7345fb8cf030238ad1c044/M73_S108_L001_R2_001.fastq.gz
sample_M75	rep1	lane1	/blue/peter/share/MeJA_time_course/iseq_trial2/iSeq-NS2176-BPG61607-2535-pool/M75-S745-S557_L001_ds.2e7e3151395546bdbc5aeb168494c184/M75_S109_L001_R1_001.fastq.gz	/blue/peter/share/MeJA_time_course/iseq_trial2/iSeq-NS2176-BPG61607-2535-pool/M75-S745-S557_L001_ds.2e7e3151395546bdbc5aeb168494c184/M75_S109_L001_R2_001.fastq.gz
sample_M76	rep1	lane1	/blue/peter/share/MeJA_time_course/iseq_trial2/iSeq-NS2176-BPG61607-2535-pool/M76-S707-S596_L001_ds.16b1c368e28d4a84b982aba7ce24cda5/M76_S110_L001_R1_001.fastq.gz	/blue/peter/share/MeJA_time_course/iseq_trial2/iSeq-NS2176-BPG61607-2535-pool/M76-S707-S596_L001_ds.16b1c368e28d4a84b982aba7ce24cda5/M76_S110_L001_R2_001.fastq.gz
sample_M77	rep1	lane1	/blue/peter/share/MeJA_time_course/iseq_trial2/iSeq-NS2176-BPG61607-2535-pool/M77-S723-S502_L001_ds.36c99e1e5e214dea934d421e7076e4d6/M77_S111_L001_R1_001.fastq.gz	/blue/peter/share/MeJA_time_course/iseq_trial2/iSeq-NS2176-BPG61607-2535-pool/M77-S723-S502_L001_ds.36c99e1e5e214dea934d421e7076e4d6/M77_S111_L001_R2_001.fastq.gz
sample_M78	rep1	lane1	/blue/peter/share/MeJA_time_course/iseq_trial2/iSeq-NS2176-BPG61607-2535-pool/M78-P7122-P5153_L001_ds.8a036947f2d449949250eb780970453f/M78_S112_L001_R1_001.fastq.gz	/blue/peter/share/MeJA_time_course/iseq_trial2/iSeq-NS2176-BPG61607-2535-pool/M78-P7122-P5153_L001_ds.8a036947f2d449949250eb780970453f/M78_S112_L001_R2_001.fastq.gz
sample_M79	rep1	lane1	/blue/peter/share/MeJA_time_course/iseq_trial2/iSeq-NS2176-BPG61607-2535-pool/M79-P7123-P5128_L001_ds.1a50fe624d5740a1bf85fea996401c12/M79_S113_L001_R1_001.fastq.gz	/blue/peter/share/MeJA_time_course/iseq_trial2/iSeq-NS2176-BPG61607-2535-pool/M79-P7123-P5128_L001_ds.1a50fe624d5740a1bf85fea996401c12/M79_S113_L001_R2_001.fastq.gz
sample_M7	rep1	lane1	/blue/peter/share/MeJA_time_course/iseq_trial2/iSeq-NS2176-BPG61607-2535-pool/M7-S736-S543_L001_ds.3b4c486f4eb146e59e01650468a0a783/M7_S46_L001_R1_001.fastq.gz	/blue/peter/share/MeJA_time_course/iseq_trial2/iSeq-NS2176-BPG61607-2535-pool/M7-S736-S543_L001_ds.3b4c486f4eb146e59e01650468a0a783/M7_S46_L001_R2_001.fastq.gz
sample_M80	rep1	lane1	/blue/peter/share/MeJA_time_course/iseq_trial2/iSeq-NS2176-BPG61607-2535-pool/M80-S717-S595_L001_ds.1f3289b8654343049941399b3a84be96/M80_S114_L001_R1_001.fastq.gz	/blue/peter/share/MeJA_time_course/iseq_trial2/iSeq-NS2176-BPG61607-2535-pool/M80-S717-S595_L001_ds.1f3289b8654343049941399b3a84be96/M80_S114_L001_R2_001.fastq.gz
sample_M81	rep1	lane1	/blue/peter/share/MeJA_time_course/iseq_trial2/iSeq-NS2176-BPG61607-2535-pool/M81-P7110-P5112_L001_ds.5a81eb24db0e450cad24e3345049bad7/M81_S115_L001_R1_001.fastq.gz	/blue/peter/share/MeJA_time_course/iseq_trial2/iSeq-NS2176-BPG61607-2535-pool/M81-P7110-P5112_L001_ds.5a81eb24db0e450cad24e3345049bad7/M81_S115_L001_R2_001.fastq.gz
sample_M82	rep1	lane1	/blue/peter/share/MeJA_time_course/iseq_trial2/iSeq-NS2176-BPG61607-2535-pool/M82-S798-S527_L001_ds.67ac9d9b03e24e70a08d577f4eebea5d/M82_S116_L001_R1_001.fastq.gz	/blue/peter/share/MeJA_time_course/iseq_trial2/iSeq-NS2176-BPG61607-2535-pool/M82-S798-S527_L001_ds.67ac9d9b03e24e70a08d577f4eebea5d/M82_S116_L001_R2_001.fastq.gz
sample_M83	rep1	lane1	/blue/peter/share/MeJA_time_course/iseq_trial2/iSeq-NS2176-BPG61607-2535-pool/M83-S754-S535_L001_ds.ff407befeea7420baa97812b97363d59/M83_S117_L001_R1_001.fastq.gz	/blue/peter/share/MeJA_time_course/iseq_trial2/iSeq-NS2176-BPG61607-2535-pool/M83-S754-S535_L001_ds.ff407befeea7420baa97812b97363d59/M83_S117_L001_R2_001.fastq.gz
sample_M84	rep1	lane1	/blue/peter/share/MeJA_time_course/iseq_trial2/iSeq-NS2176-BPG61607-2535-pool/M84-S701-S597_L001_ds.b0991729113a4582b74469709cd82a59/M84_S118_L001_R1_001.fastq.gz	/blue/peter/share/MeJA_time_course/iseq_trial2/iSeq-NS2176-BPG61607-2535-pool/M84-S701-S597_L001_ds.b0991729113a4582b74469709cd82a59/M84_S118_L001_R2_001.fastq.gz
sample_M85	rep1	lane1	/blue/peter/share/MeJA_time_course/iseq_trial2/iSeq-NS2176-BPG61607-2535-pool/M85-S705-S563_L001_ds.dd0ceac70aab4edd9130813e2ea2f5ef/M85_S119_L001_R1_001.fastq.gz	/blue/peter/share/MeJA_time_course/iseq_trial2/iSeq-NS2176-BPG61607-2535-pool/M85-S705-S563_L001_ds.dd0ceac70aab4edd9130813e2ea2f5ef/M85_S119_L001_R2_001.fastq.gz
sample_M86	rep1	lane1	/blue/peter/share/MeJA_time_course/iseq_trial2/iSeq-NS2176-BPG61607-2535-pool/M86-P7128-P5123_L001_ds.983b8bf60d0c424790dbd670f36ff8c5/M86_S120_L001_R1_001.fastq.gz	/blue/peter/share/MeJA_time_course/iseq_trial2/iSeq-NS2176-BPG61607-2535-pool/M86-P7128-P5123_L001_ds.983b8bf60d0c424790dbd670f36ff8c5/M86_S120_L001_R2_001.fastq.gz
sample_M87	rep1	lane1	/blue/peter/share/MeJA_time_course/iseq_trial2/iSeq-NS2176-BPG61607-2535-pool/M87-P7144-P5165_L001_ds.c079779b2466472e9543a89bd8991ccd/M87_S121_L001_R1_001.fastq.gz	/blue/peter/share/MeJA_time_course/iseq_trial2/iSeq-NS2176-BPG61607-2535-pool/M87-P7144-P5165_L001_ds.c079779b2466472e9543a89bd8991ccd/M87_S121_L001_R2_001.fastq.gz
sample_M88	rep1	lane1	/blue/peter/share/MeJA_time_course/iseq_trial2/iSeq-NS2176-BPG61607-2535-pool/M88-S768-S558_L001_ds.d91871899cdb40b6aeb0c364516531c8/M88_S122_L001_R1_001.fastq.gz	/blue/peter/share/MeJA_time_course/iseq_trial2/iSeq-NS2176-BPG61607-2535-pool/M88-S768-S558_L001_ds.d91871899cdb40b6aeb0c364516531c8/M88_S122_L001_R2_001.fastq.gz
sample_M89	rep1	lane1	/blue/peter/share/MeJA_time_course/iseq_trial2/iSeq-NS2176-BPG61607-2535-pool/M89-S748-S553_L001_ds.147b634021a64f7ea92d2f73037315bf/M89_S123_L001_R1_001.fastq.gz	/blue/peter/share/MeJA_time_course/iseq_trial2/iSeq-NS2176-BPG61607-2535-pool/M89-S748-S553_L001_ds.147b634021a64f7ea92d2f73037315bf/M89_S123_L001_R2_001.fastq.gz
sample_M8	rep1	lane1	/blue/peter/share/MeJA_time_course/iseq_trial2/iSeq-NS2176-BPG61607-2535-pool/M8-S713-S586_L001_ds.86f8904ce9dc47e29594a9549b84fcb6/M8_S47_L001_R1_001.fastq.gz	/blue/peter/share/MeJA_time_course/iseq_trial2/iSeq-NS2176-BPG61607-2535-pool/M8-S713-S586_L001_ds.86f8904ce9dc47e29594a9549b84fcb6/M8_S47_L001_R2_001.fastq.gz
sample_M90	rep1	lane1	/blue/peter/share/MeJA_time_course/iseq_trial2/iSeq-NS2176-BPG61607-2535-pool/M90-S718-S515_L001_ds.ba5ea59f49de46ac9a6d061606b4ae49/M90_S124_L001_R1_001.fastq.gz	/blue/peter/share/MeJA_time_course/iseq_trial2/iSeq-NS2176-BPG61607-2535-pool/M90-S718-S515_L001_ds.ba5ea59f49de46ac9a6d061606b4ae49/M90_S124_L001_R2_001.fastq.gz
sample_M91	rep1	lane1	/blue/peter/share/MeJA_time_course/iseq_trial2/iSeq-NS2176-BPG61607-2535-pool/M91-S785-S504_L001_ds.850cbbe439c8464cb35986f39f4cd5f9/M91_S125_L001_R1_001.fastq.gz	/blue/peter/share/MeJA_time_course/iseq_trial2/iSeq-NS2176-BPG61607-2535-pool/M91-S785-S504_L001_ds.850cbbe439c8464cb35986f39f4cd5f9/M91_S125_L001_R2_001.fastq.gz
sample_M93	rep1	lane1	/blue/peter/share/MeJA_time_course/iseq_trial2/iSeq-NS2176-BPG61607-2535-pool/M93-S744-S552_L001_ds.fe24b2ed106e434c96e6dabb34c4153a/M93_S126_L001_R1_001.fastq.gz	/blue/peter/share/MeJA_time_course/iseq_trial2/iSeq-NS2176-BPG61607-2535-pool/M93-S744-S552_L001_ds.fe24b2ed106e434c96e6dabb34c4153a/M93_S126_L001_R2_001.fastq.gz
sample_M94	rep1	lane1	/blue/peter/share/MeJA_time_course/iseq_trial2/iSeq-NS2176-BPG61607-2535-pool/M94-S719-S569_L001_ds.d2fdaad4b10343e4b2c6b119b5ad1b6b/M94_S127_L001_R1_001.fastq.gz	/blue/peter/share/MeJA_time_course/iseq_trial2/iSeq-NS2176-BPG61607-2535-pool/M94-S719-S569_L001_ds.d2fdaad4b10343e4b2c6b119b5ad1b6b/M94_S127_L001_R2_001.fastq.gz
sample_M95	rep1	lane1	/blue/peter/share/MeJA_time_course/iseq_trial2/iSeq-NS2176-BPG61607-2535-pool/M95-P7112-P5110_L001_ds.7c558f478e3847beb7303c59e9477f6a/M95_S128_L001_R1_001.fastq.gz	/blue/peter/share/MeJA_time_course/iseq_trial2/iSeq-NS2176-BPG61607-2535-pool/M95-P7112-P5110_L001_ds.7c558f478e3847beb7303c59e9477f6a/M95_S128_L001_R2_001.fastq.gz
sample_M9	rep1	lane1	/blue/peter/share/MeJA_time_course/iseq_trial2/iSeq-NS2176-BPG61607-2535-pool/M9-P7140-P5162_L001_ds.339de9574fcc48c8ab27d72e90a334c7/M9_S48_L001_R1_001.fastq.gz	/blue/peter/share/MeJA_time_course/iseq_trial2/iSeq-NS2176-BPG61607-2535-pool/M9-P7140-P5162_L001_ds.339de9574fcc48c8ab27d72e90a334c7/M9_S48_L001_R2_001.fastq.gz
